year,avgwind,minTemp,maxTemp,rainFall,avgPrice
20100101,1.2,-11,0.9,0,2123
20100102,0.9,-5.5,5.5,0.8,2123
20100103,1.8,-6.9,1.4,0,2123
20100104,2.3,-5.1,2.2,5.9,2020
20100105,2.2,-8.7,-1.8,0.7,2060
20100106,1.3,-11.4,-2.5,0.3,2060
20100107,0.3,-11.2,-1.2,0,2140
20100108,0.1,-11.4,1.4,0,2140
20100109,0,-8.8,1.8,0.1,2140
20100110,0.4,-5,2.8,0,2140
20100111,1.6,-5.1,2.1,0,2140
20100112,1.9,-8.2,-1.7,0.4,2140
20100113,2.6,-11.4,-4.6,0.7,2140
20100114,0.7,-12.7,0,0.1,2140
20100115,0.8,-7.9,3.9,0.1,2140
20100116,0.7,-9.9,2.9,0,2140
20100117,0.3,-9.8,4.9,0,2140
20100118,0.2,-7.1,7.7,0,2140
20100119,0,-4.6,11,0.3,2140
20100120,0,4.9,11.3,10.8,2175
20100121,3.5,-3.6,7.9,3.1,2211
20100122,2.8,-5.7,0.8,0,2211
20100123,2,-6.6,2,0.1,2211
20100124,1.8,-5.5,5.8,0,2211
20100125,3.4,-4.3,5.4,0,2211
20100126,1.3,-7.7,4.3,0,2178
20100127,0.8,-5.9,7.4,6.5,2178
20100128,3.7,-0.7,7.4,0.1,2311
20100129,2.8,-4.3,5,0,2344
20100130,1.2,-3.3,7.5,0,2344
20100131,0.7,-1.3,9.4,0,2344
20100201,1.5,-1,6.8,0.2,2380
20100202,2.9,-5.5,1.8,0,2520
20100203,2.7,-8.6,-0.3,0,2620
20100204,2.6,-8.4,2.2,0.1,2720
20100205,2.9,-5.9,3,0,2820
20100206,1.2,-8.5,4.7,0,2820
20100207,1.1,-8.3,8.6,0.1,2820
20100208,0.5,2.8,7.3,2.7,2980
20100209,0.5,3.6,7.8,6.9,3040
20100210,2,4,6.5,9,3040
20100211,4.1,0.7,5.2,17.3,3080
20100212,1.8,-0.6,2.7,3.1,3180
20100213,1.6,-3.3,2.2,1.9,3180
20100214,0.7,-4.9,2.5,0,3180
20100215,1.3,-4.4,5,0.1,3180
20100216,1.3,-5,3.2,0.6,3180
20100217,0.9,-6.1,3.6,0.4,3280
20100218,2.3,-4.8,2.4,0.5,3300
20100219,1.5,-6.1,5.4,0.1,3300
20100220,1.2,-4.2,9.7,0,3300
20100221,0.7,-3.4,11.6,0,3300
20100222,0.8,-0.8,12.8,0,3260
20100223,0.6,-1.2,16.4,0,3260
20100224,0.9,1.2,18.9,0,3300
20100225,0.5,10.3,16.4,33.4,3260
20100226,2.4,6,13.5,4.1,3340
20100227,1.8,3.8,9.2,1.5,3340
20100228,1.1,3,12.6,0.1,3340
20100301,3.7,3.4,8,15.6,3340
20100302,1.8,1.8,6.9,0.3,3340
20100303,1.5,-0.4,10.5,0,3760
20100304,2.2,4.4,7.2,3.9,3860
20100305,0.9,5,9.4,3.8,4140
20100306,2.5,3.1,8.1,3.3,4140
20100307,3.4,2.3,7,0.9,4140
20100308,1.9,0.1,7.6,0.9,4200
20100309,1.7,-0.8,5.8,5.7,4400
20100310,3.2,-2.9,2.6,3.9,4400
20100311,1.9,-2.8,8.4,0,4400
20100312,2.6,1.7,14.5,0,4300
20100313,2.5,1.6,12.5,0,4300
20100314,1.6,1,12.9,1.1,4300
20100315,2.8,4.5,14.4,16.5,4400
20100316,4.5,-0.4,7.2,0,4300
20100317,1.9,-2.7,7.3,1.1,4440
20100318,2,-1.8,6.5,2.3,4440
20100319,1.3,-3.5,13.9,0,4440
20100320,3,5.1,18.5,1,4440
20100321,4.4,1,9.3,0,4440
20100322,0.8,0.4,8,2,4440
20100323,1,3.3,11.4,2.4,4640
20100324,1.3,3.9,13.1,0.1,4680
20100325,1.6,1.4,8.5,4.6,4780
20100326,3.5,-2,8,0,4880
20100327,1,0.5,10,0.9,4880
20100328,2.8,1.7,11.4,0,4880
20100329,2.1,-1.3,12.9,0,5040
20100330,1.3,1,13.6,0,5300
20100331,1,6.3,10.9,18.8,5400
20100401,1.7,5.1,11.6,15.8,5600
20100402,3.5,1.3,12.7,0,5600
20100403,2.6,0.8,12.4,0,5600
20100404,1.2,-0.5,16.6,0,5600
20100405,1.3,4.9,19,0,5700
20100406,2.5,5.1,15.2,0.1,5800
20100407,1.5,1.4,12.9,0.1,5900
20100408,1.2,0,16.5,0,6000
20100409,1.3,4.6,19.5,0,5900
20100410,1.2,6.9,17.7,0.1,5900
20100411,2.2,7.9,17,0.9,5900
20100412,3,9.2,15.9,3.8,6000
20100413,4.9,3,11.3,1.6,6200
20100414,3.2,0.9,8.9,0.7,6200
20100415,1.5,-0.2,12.5,0,6200
20100416,1.7,0.2,14.4,0,6100
20100417,1.9,0.8,16.5,0,6100
20100418,1.4,3.8,16.3,0.2,6100
20100419,1.5,10.1,18.4,5.5,6100
20100420,1.5,10.2,22.5,0.2,5900
20100421,3.5,8.7,16.6,8,5900
20100422,3.1,7.9,12.3,13.9,5900
20100423,1.5,6.2,14.5,2,5800
20100424,1.9,4,17.6,0,5800
20100425,1.1,3.8,20.9,0,5800
20100426,1.7,9,17.5,23.7,5700
20100427,3.3,5.6,14.7,4.2,5600
20100428,2.1,3.2,10,7.8,5600
20100429,4.1,5.2,15,0.5,5600
20100430,2.5,5.7,16.8,0,5400
20100501,2.2,4.3,19.9,0,5400
20100502,1.7,7.3,25.1,0,5400
20100503,2.6,13.7,25.8,0,5083
20100504,1.9,15,27.1,0,5000
20100505,1.6,14,25.7,0.4,5000
20100506,3.1,11.6,23.6,5.2,4813
20100507,3.6,9.9,23.9,0,4813
20100508,2,9.3,24.8,0,4813
20100509,1.2,11.6,25.3,0,4813
20100510,1.9,12.4,22,0.1,4722
20100511,2,8.5,20.3,0.8,4556
20100512,2.2,7.9,20.4,0,4533
20100513,1.2,8.2,21.2,0,4533
20100514,1.3,8.7,23.1,0,4380
20100515,1.7,9.8,22.5,0,4380
20100516,1.6,10.2,26.5,0,4380
20100517,1.6,11.5,26.9,5.8,3860
20100518,1.1,16.4,19.7,51.4,3920
20100519,2,15.1,24.6,2.4,4020
20100520,1.8,13.9,28.2,0,4020
20100521,1,13.8,30.2,0,4020
20100522,1.9,14.7,22.6,24.2,4020
20100523,2.9,14.3,17.5,26.8,4020
20100524,2.2,13.5,17.3,4.8,4000
20100525,1.4,12.9,18.4,1.9,3740
20100526,2.4,11.9,21.4,0.2,3700
20100527,1.4,10.2,22.4,0,3700
20100528,1,11.3,20,0,3700
20100529,1.5,12.7,23.5,0,3700
20100530,1.8,11.5,22.9,0,3700
20100531,1.7,11.6,21.5,0.1,3460
20100601,1.4,9.7,23.1,0,3320
20100602,1.2,11,25.5,0,3320
20100603,1.3,13.5,27.6,0,3220
20100604,1.3,14.8,28.7,0,3220
20100605,1.2,15.3,29.6,0.5,3220
20100606,1,16.1,29.7,1.6,3220
20100607,1.4,16.3,28.3,0.6,3200
20100608,1.3,14.9,28.1,0,3200
20100609,1.2,14.8,30,0,3200
20100610,1,15.8,30,0,3100
20100611,1.2,16,28.6,0.8,3100
20100612,0.9,17.6,23.3,11.9,3100
20100613,1.2,19,27.7,2.9,3100
20100614,1.5,18.8,28.1,2.8,3060
20100615,1.5,19.4,28.7,2.3,3060
20100616,1.6,18.6,29.3,0.2,2800
20100617,0.6,19.5,30.1,0,2800
20100618,1.6,20.7,27.9,1.8,2800
20100619,1.4,20.2,27.1,2.3,2800
20100620,1.5,20.1,28.1,4.6,2800
20100621,2,18.8,28.6,0,2900
20100622,1.3,17,29.3,0,2760
20100623,1,17.4,28.4,0,2800
20100624,0.9,16.5,29.9,0,2700
20100625,1.6,18.6,29.6,0.8,2700
20100626,2,20.4,25.1,11.4,2700
20100627,1.1,20.6,25.5,3.9,2700
20100628,1.1,20,27.9,9.2,2700
20100629,0.7,20.1,29.4,0.1,2760
20100630,0.9,21.3,28.1,3.7,2800
20100701,1,21.8,28.8,5,2567
20100702,0.9,23,26.2,17.1,2544
20100703,0.8,22.8,27.9,6.1,2544
20100704,0.7,22.3,27.1,1.4,2544
20100705,1.7,22.1,30.1,1,2574
20100706,1.3,21.3,31.6,0.4,2664
20100707,1.3,20.7,29.8,1.1,2738
20100708,1,20.1,28.4,0.7,2771
20100709,0.8,20.4,30.2,0.8,2771
20100710,0.9,20.4,29.3,4.6,2771
20100711,2,20.6,24.5,57.6,2771
20100712,0.9,20.1,26.7,0.6,2953
20100713,1.3,20.3,27,11.3,3216
20100714,1.2,20,28.7,0.1,3155
20100715,1.1,20.5,29.3,0.9,3300
20100716,0.8,22,27.1,54.1,3327
20100717,0.5,23.2,27.8,36.6,3327
20100718,1.1,23.5,30.8,1.1,3327
20100719,1.2,23.4,31.9,0.7,3721
20100720,1.1,23.6,32,0.5,3671
20100721,1.4,24.1,32,2.2,3700
20100722,1.6,24.4,32.4,0.2,3744
20100723,1,23.1,30.9,21.3,3759
20100724,1,22.9,30.9,6.7,3759
20100725,1.4,22.8,31.1,5.6,3759
20100726,1.4,23.1,31.1,1.9,3694
20100727,1.5,22.9,31.9,3.2,3792
20100728,0.9,22.5,28.5,14.4,3792
20100729,1.1,23.4,30.9,0.7,3678
20100730,1,24.1,30.9,0.1,3776
20100731,1.6,24.3,31.7,0,3776
20100801,1.5,25.2,33,0,3776
20100802,1,24.2,31.8,4.4,4316
20100803,1,23.5,29.9,1.8,4360
20100804,0.8,24.5,32.9,1.9,4360
20100805,1.2,25.2,33.4,2.6,4360
20100806,0.9,25.5,32.2,9.1,4151
20100807,1,24,31.7,8.4,4151
20100808,1,23.1,32.3,1.9,4151
20100809,1,22.8,33.3,1.3,4240
20100810,1.2,24.5,29.5,43.3,4149
20100811,2.1,24.3,30.4,32.4,4093
20100812,1.7,22.9,30.4,3.1,4270
20100813,1,23.6,29.8,38,4270
20100814,0.7,24.8,30,14,4270
20100815,1.6,24.7,30.1,38.2,4270
20100816,0.7,22.8,29.2,20.6,4258
20100817,0.8,22.3,30.7,16.9,4258
20100818,1,23.2,31.8,14.4,4070
20100819,1,24,32.4,0.4,3642
20100820,0.9,24.2,33.3,0.2,3662
20100821,1.2,24.3,33.9,0,3662
20100822,1.1,24.3,33.6,0.2,3662
20100823,1.4,24.4,32.1,6,3612
20100824,0.8,23.6,31,6.8,3749
20100825,1.4,22.4,28.1,19.3,4146
20100826,1.2,22.6,29.4,12.7,4371
20100827,1.1,23,29.9,6,4371
20100828,1.8,24,28.8,18.3,4371
20100829,1.1,23.5,29.3,29.3,4371
20100830,0.6,23.5,30,4.7,4360
20100831,0.7,23,29.9,17,4383
20100901,1.8,23,31.7,14.8,4420
20100902,2.7,23.5,29.8,26.7,4420
20100903,0.9,23.4,31.7,3.4,4495
20100904,1,23,32.1,0.1,4495
20100905,1.1,23.2,32.3,10.3,4495
20100906,1.2,22.9,26.9,21.5,4895
20100907,3.1,21.6,27.1,18.6,5183
20100908,1.4,19.9,25.2,0.2,5183
20100909,0.8,19.3,26.3,12.4,4945
20100910,1,21.5,29.8,17.4,4945
20100911,0.6,22.6,26.5,42.6,4945
20100912,1.4,20.3,27.3,34.2,4945
20100913,1.1,19,28,0.2,5535
20100914,0.7,18.8,28,0.2,5748
20100915,1.1,17.6,28.5,0.5,6664
20100916,1,16.9,29.5,0,6807
20100917,1,17.3,30,0,6829
20100918,1,18.1,30.1,0,6829
20100919,0.8,18.2,26.4,6.1,6829
20100920,0.6,20.2,27.3,7.4,7184
20100921,1.4,20.6,29.7,30.1,7184
20100922,2.1,16.1,23.2,9.7,7184
20100923,1,13.6,23.3,0.2,7184
20100924,1.2,12.1,23.9,0,7629
20100925,1,12.3,23.7,0,7629
20100926,0.9,13.1,22.6,0.1,7629
20100927,1,13.1,23.7,0.6,11678
20100928,1.6,10.6,21.7,0.5,12410
20100929,0.7,9.2,19.9,0,12410
20100930,1.1,9.4,22.3,0,12011
20101001,1,9.2,23.2,0,12011
20101002,1.1,12.3,22.6,12.9,12011
20101003,1.8,15.3,23.5,6.7,12011
20101004,1.9,13.1,19,2.3,10425
20101005,1,11.4,20.5,0.1,10425
20101006,1,10.4,22.8,0,10025
20101007,0.8,11.3,24.1,0,9626
20101008,1.1,14.1,22.7,3.9,9583
20101009,0.9,14.4,23.7,0.7,9583
20101010,1.1,13,24.6,0,9583
20101011,0.8,12.5,22.5,0.1,9000
20101012,0.9,13.3,22.9,0,8500
20101013,1.1,12.7,20.8,0.3,7600
20101014,1.1,11.4,20.9,0,6800
20101015,1.9,9.1,19.1,0,6100
20101016,1.2,8.2,21.9,0,6100
20101017,0.9,9.2,22.2,0.1,6100
20101018,0.9,8.9,21.7,0.1,5014
20101019,0.9,9.4,22.7,0,4729
20101020,0.9,10.5,21.9,0,4356
20101021,1.7,10.8,21.3,1.1,3860
20101022,0.9,10.8,22.1,0,3770
20101023,0.7,9.9,20.8,0.3,3770
20101024,0.7,13.5,20.5,8.1,3770
20101025,2.2,7.8,17.9,0.3,3688
20101026,1.8,0.8,9.8,0,3647
20101027,0.9,-0.5,13.3,0,3653
20101028,1.1,1.8,14.7,0,3698
20101029,1.1,1.3,17.3,0,3614
20101030,1.1,5.7,18.2,0,3614
20101031,0.9,5.8,17.9,0.6,3614
20101101,1.5,5.7,17.6,0,3594
20101102,2.4,3.1,12.6,0,3412
20101103,1.2,0.2,14,0,3362
20101104,1,2.5,16.9,0,3222
20101105,1.1,4.6,17.7,0,3184
20101106,0.8,5.2,18.1,0,3184
20101107,0.7,5.7,17.8,0.4,3184
20101108,3.1,4.5,14,1.5,3111
20101109,4.5,3.3,9.9,0.1,3154
20101110,1.6,0.2,12.3,0,3079
20101111,0.9,1.6,16.5,5.5,3142
20101112,2.6,4.3,15.3,0.3,3190
20101113,0.9,1.8,16.3,0,3190
20101114,1.9,5.2,14.4,0,3190
20101115,2.4,-0.9,8.8,0,3329
20101116,1,-2.7,10.6,0,3435
20101117,0.8,-0.1,12.6,0,3561
20101118,0.7,-0.6,13.4,0,3820
20101119,0.5,-0.9,12.2,0,3784
20101120,0.8,0,16,0,3784
20101121,0.8,2.4,17.3,0,3784
20101122,2.1,2.1,14.3,1.3,3958
20101123,0.8,-1.5,13.2,0,3927
20101124,0.6,1.6,13.8,0,3845
20101125,2,1.1,10.4,0,3610
20101126,1.3,-2.7,7.6,0,3670
20101127,1.5,-3.3,10.8,1.3,3670
20101128,2,-3.1,5.8,0.2,3670
20101129,1.1,-1.5,11.9,0.9,3657
20101130,0.7,2.3,15.1,0.6,3546
20101201,0.7,2.1,15.3,0,3411
20101202,0.4,3.6,13.2,1.2,3459
20101203,4.3,-0.4,10,0.6,3595
20101204,0.9,-2.7,10.2,0,3595
20101205,0.3,1.1,14.6,0,3595
20101206,2.3,0.3,12.1,1,3582
20101207,1.1,-2.7,6,0.3,3552
20101208,0.7,-3.5,5.9,2.1,3552
20101209,2.1,-3.8,5,0.1,3709
20101210,0.5,-5,11.4,0.5,3679
20101211,3.7,-4.7,9.8,0,3679
20101212,0.9,-7.4,4.8,0.1,3679
20101213,0.4,0.9,5.8,11.9,3633
20101214,3.2,-5,5.7,0,3509
20101215,3.1,-8.7,-2.4,0.1,3573
20101216,1.8,-10,0,0,3616
20101217,1.3,-4.9,4.7,0.8,3616
20101218,0.6,-4.6,8.1,0,3616
20101219,0.4,-1.6,11.3,0,3616
20101220,0.7,-0.4,11.8,0,3616
20101221,0.7,-1.9,11,0,3616
20101222,1,-1.1,10.6,0,3408
20101223,2.2,-3.7,7.9,0,3455
20101224,3.5,-9.5,-2.7,0,3398
20101225,3.5,-11,-3.1,0.4,3398
20101226,2.6,-9.6,-1,0.9,3398
20101227,1.1,-6.6,3.6,0.6,3576
20101228,1.5,-3.4,4.7,3.8,3576
20101229,1.6,-5.8,1.8,0.2,3576
20101230,1.9,-6.4,1,4,3599
20101231,1.9,-9.3,-2.3,1,3601
20110101,0.8,-10.4,0.7,0.4,3601
20110102,0.9,-9.5,3.6,0,3601
20110103,0.6,-8.5,1.8,1.8,4252
20110104,1.2,-6.8,2.2,0,4168
20110105,2.8,-4,2.5,0,4376
20110106,1.5,-7.3,-0.5,0.1,4609
20110107,1.1,-10.8,0.6,0,4609
20110108,1.2,-10,3.4,0,4609
20110109,2.7,-8.2,1.4,0,4609
20110110,1.1,-11.8,-0.8,0,4399
20110111,1.2,-9.5,1.5,0.4,4423
20110112,2.3,-9.2,-1.1,0,4495
20110113,0.8,-11.6,1.4,0,4521
20110114,0.9,-9.5,3.5,0.1,4521
20110115,3.7,-13,-1.8,0.2,4521
20110116,1.7,-14.8,-5.2,0.1,4521
20110117,1.2,-13.2,-0.6,0,4832
20110118,1.3,-10.6,0.5,0,4888
20110119,1.8,-8.6,0.8,0,5083
20110120,1.7,-9.3,-0.9,0,4551
20110121,1.2,-9.6,0.8,0,4451
20110122,1,-8.9,3,0,4451
20110123,0.8,-6.6,2.7,1.4,4451
20110124,2.3,-8.2,-1.4,0.3,5104
20110125,1.3,-10.7,-0.3,0,5251
20110126,2.2,-10.5,-0.4,0,5075
20110127,1.6,-10.5,-0.5,0,5234
20110128,1.6,-8.2,0.4,0,5234
20110129,2.6,-10.5,-2,0.2,5234
20110130,2.3,-11.8,-2.8,0.2,5234
20110131,1.6,-11.9,1.3,0,5221
20110201,1.2,-6.7,7.2,0,5134
20110202,1.1,-3.9,8.9,0,5134
20110203,0.9,-5.2,8.7,0,5134
20110204,1.2,-3.7,8.8,0,5134
20110205,0.7,-3.4,8.5,0,5134
20110206,0.7,-3.3,8.6,0,5134
20110207,0.8,-2.9,7.6,0,4859
20110208,0.7,-0.7,6.3,1.3,4843
20110209,2.2,-2.9,5.5,0,4815
20110210,0.8,-4.6,3.1,0.3,4744
20110211,1.9,-4.8,4,4.5,4727
20110212,2.9,-7.2,0.7,1.9,4727
20110213,0.9,-9.8,2.5,0,4727
20110214,1,-5.5,0.9,3.4,4626
20110215,1.1,-7.3,5.6,0,4651
20110216,0.5,-6.3,7.7,1.5,4893
20110217,0.8,-0.8,4.4,3.8,4893
20110218,0.9,-3.9,8.1,0,4834
20110219,1.1,-3.8,9.7,0,4834
20110220,2.2,-2.8,11.9,0,4834
20110221,0.8,-1.4,11.6,0,4841
20110222,1,-2.6,12.4,0,4847
20110223,1.1,-2,13.7,0,4699
20110224,1.6,-0.4,16,0,4791
20110225,2.2,-0.8,10.7,0,4770
20110226,1.3,-2.7,12.8,0.1,4770
20110227,3.1,4.1,8.6,43,4770
20110228,3.4,3.4,7.2,3.8,4710
20110301,2.1,-0.4,5.6,3.2,4710
20110302,3,-3.3,4.3,0,4763
20110303,2.1,-5.4,4.1,0,4590
20110304,1.9,-4.6,6.8,0,4688
20110305,1.3,-3.8,9,0,4688
20110306,1.5,-0.6,10.8,0,4688
20110307,3,-0.1,7.6,0,4750
20110308,3.2,-2.9,9,0,4798
20110309,3.5,-2,6.7,0,4544
20110310,2.8,-3.5,8.6,0,4596
20110311,2.3,-1.5,12,0,4629
20110312,1.3,0.4,15.4,0,4629
20110313,1.3,2.4,18.1,0,4629
20110314,1.4,3.9,16.1,0,4693
20110315,4.5,-0.6,8.9,0,4761
20110316,3.6,-2.4,5.9,0,4743
20110317,1.9,-3.5,8.4,0,4846
20110318,1.5,-3.6,13.8,0,4824
20110319,2.5,4.3,16.4,0,4824
20110320,1.2,4.5,11.3,15.2,4824
20110321,2,4.1,13.1,0.6,4824
20110322,3.3,0.1,7.7,0.4,4824
20110323,2.3,-3,8.7,0,4824
20110324,2.4,-0.4,10.6,2.8,4776
20110325,2.9,-0.5,7.1,0.3,4662
20110326,1.8,-2.9,9.3,0,4662
20110327,1.5,-2.5,11.9,0,4662
20110328,1.7,1,11.9,0.4,4550
20110329,1.5,-1.2,11.2,0,4530
20110330,2.2,0.4,15.7,0,4486
20110331,1.4,1.6,19,0,4341
20110401,1.9,1.5,19.8,0,4341
20110402,1.5,4.7,14,0.1,4341
20110403,1.5,2.8,12.1,2.6,4341
20110404,1.3,1.1,15.3,0,4265
20110405,1.5,0.5,18.2,0,4073
20110406,1.8,1.3,18.9,0.7,4057
20110407,0.7,9.1,14.4,17.1,3783
20110408,2,7.1,17.4,3.3,3783
20110409,2.1,3.4,18.1,0,3783
20110410,1.4,4.5,19.9,0.5,3783
20110411,2.4,5.1,15.4,2.7,3905
20110412,2.2,1.4,18.3,0,3905
20110413,2.1,3.6,20.2,0,3961
20110414,1.6,4.3,21.2,0,3808
20110415,3.2,9.8,23.5,0.1,3708
20110416,2.2,6.1,18.8,0.1,3708
20110417,1.8,4,18.7,0,3708
20110418,2.3,5.1,11.8,2.7,3654
20110419,2.3,4.2,15.1,0.7,3329
20110420,2,2.8,18.5,0,3126
20110421,1.4,5.4,20.3,0,2406
20110422,1.7,8.7,13.9,26.8,2360
20110423,3.6,6.3,15.8,0,2360
20110424,3.5,5,16,0.4,2360
20110425,3.4,6.3,18.8,0.3,2304
20110426,1.4,9.8,15.3,11.9,2225
20110427,1.7,8.2,16.8,2.4,2243
20110428,1.9,5.9,15.4,0.7,2117
20110429,1.3,4.1,19.9,0.6,1978
20110430,1.7,13.3,21.3,37.3,1978
20110501,3.4,11.2,18.7,2.3,1978
20110502,1.5,9.5,21.9,0,1889
20110503,2.2,10.8,22.5,0,1769
20110504,1.1,7.4,21.3,0,1735
20110505,1.7,8.5,21.8,0,1735
20110506,1.3,9.5,19.3,1.1,1650
20110507,2.5,13.7,24.2,1.2,1650
20110508,1.5,12.3,25.5,0,1650
20110509,2,14.1,24.6,5.7,1594
20110510,2,15.2,22.6,41.3,1594
20110511,2.9,14,18.1,46.4,1611
20110512,1.7,11.6,19.3,2.9,1593
20110513,3.6,10,22.2,0,1585
20110514,3.2,11.1,24.3,0,1585
20110515,2.9,9.3,25.6,0,1585
20110516,2.5,11.2,22.5,0,1590
20110517,1.7,8.6,23.5,0,1349
20110518,1.4,10.4,26.1,0,1313
20110519,1.6,15,25.8,0.1,1217
20110520,1.2,16.4,24.5,3.3,1220
20110521,1,14.3,22.1,4.4,1220
20110522,1.1,13,22.1,1.8,1220
20110523,1,12,20.4,3.5,1282
20110524,1.1,9.8,26.1,0,1272
20110525,1.1,13.2,24.8,0,1263
20110526,1.6,14.3,19,6.2,1150
20110527,1.7,14,20.1,0.7,1142
20110528,1.1,13.5,24.9,0,1142
20110529,1.7,13.9,26.1,0,1142
20110530,1.6,13.6,25.2,0,1192
20110531,1.5,15.3,20,2,1196
20110601,1.2,14.5,22.2,11.6,1169
20110602,1.2,14.7,24.3,0,1212
20110603,1.6,14.2,26.1,0,1212
20110604,2.5,16.5,26,0.1,1212
20110605,1.4,16.1,28.3,0,1212
20110606,1.3,14.6,27.8,0,1212
20110607,1.4,15.1,28.3,0,1250
20110608,1.4,15.7,28.8,0.4,1236
20110609,1.7,17.3,25.6,0.3,1227
20110610,0.8,17.7,25.1,2.8,1222
20110611,1.1,17,29.6,1.4,1222
20110612,1.5,17.6,28.3,0.8,1222
20110613,1.7,16.8,25.8,0.1,1211
20110614,1.2,15.8,27.4,0,1211
20110615,1.3,17,27.2,0.1,1216
20110616,1.7,17.2,28.5,0,1292
20110617,1.2,16.6,28.1,0,1287
20110618,1.2,18.2,27.3,1.5,1287
20110619,1.3,17.1,29.5,0,1287
20110620,1.8,17.5,29.9,0.8,1201
20110621,2.1,18.5,31.5,0.1,1167
20110622,1.3,20.9,27.3,22.1,1178
20110623,2.6,22.5,28.4,21.6,1178
20110624,2.4,19.8,25.5,52.1,1179
20110625,2.6,18.4,21.8,54.1,1179
20110626,4.6,18.3,23.2,48.3,1179
20110627,2.1,18.6,25.2,3.4,1200
20110628,1.8,18.4,29.6,4.7,1199
20110629,1.4,21.8,28.8,34,1189
20110630,1.3,21.9,28.2,19.4,1318
20110701,1.4,21.9,29.6,0.8,1385
20110702,1.2,22.2,30.7,2.1,1385
20110703,1.4,22.1,26.5,49.1,1385
20110704,2.5,20.5,29,9,1465
20110705,1.3,19,30.4,0,1492
20110706,0.9,19.5,27,4.2,1614
20110707,1,20.9,25.7,21.8,1653
20110708,1.6,22.5,27.3,22.6,1718
20110709,1.1,21.2,26.1,84.4,1718
20110710,0.8,21,26.6,57.2,1718
20110711,1,20.7,27,20.6,1734
20110712,0.6,21.8,26.8,30.7,1786
20110713,0.7,22.8,27.2,8.9,1923
20110714,0.9,23.3,28.6,20.4,2158
20110715,1.1,23.2,30.1,6.8,2198
20110716,1.1,22.8,30.5,9.3,2198
20110717,0.8,22.6,31.4,2.9,2198
20110718,2.5,22.8,32,0.1,2287
20110719,4.2,23.7,31.8,0.7,2287
20110720,2.2,22.4,31.8,0,2331
20110721,1.8,20.8,28.9,1.4,2648
20110722,1.7,20.1,26.6,3.6,2743
20110723,1.2,21.4,29.1,2.1,2743
20110724,1,22.1,27,14.1,2743
20110725,1.1,21.6,28.6,6,3003
20110726,1.3,22.6,29.8,17.5,3075
20110727,1.1,24,29,55.6,3155
20110728,1.1,24,30.7,12.1,3435
20110729,1.3,23.9,31.4,7.7,3548
20110730,1.1,23.7,30.6,6.5,3548
20110731,0.7,23.2,29.2,13.3,3548
20110801,1.6,23.3,28.2,33.6,3723
20110802,1.6,23.3,28.8,13,3764
20110803,1.2,23.4,30.6,9.3,3975
20110804,0.8,23.4,31.8,2.9,3979
20110805,1.1,23.3,33.2,0.1,3976
20110806,1.3,24.1,31.8,2.5,3976
20110807,2.6,24.4,30.8,32.9,3976
20110808,2.8,23.9,29.9,28.8,4294
20110809,0.9,23.3,27.5,35.9,4294
20110810,1.9,23.9,29.3,11.9,4294
20110811,1.5,24.1,31.5,5.9,4430
20110812,0.9,23.9,30.2,15.6,4043
20110813,1,23.5,29.7,6.4,4043
20110814,1.2,23.5,30.6,4.4,4043
20110815,1.3,23.3,30.1,1.7,4043
20110816,1.1,23.7,30.6,12.6,3913
20110817,1.1,23.6,28.1,25.6,3930
20110818,1.4,22.2,28.7,5.6,3930
20110819,1.1,20.7,25.5,3.5,3993
20110820,1,19.1,23.7,15,3993
20110821,1.1,18.3,27.9,2.9,3993
20110822,1,18.6,25.7,2,3993
20110823,1.7,17.9,25.7,3.3,4047
20110824,1.4,19.4,25.9,2,3973
20110825,1.3,20.1,27.5,0.4,4109
20110826,1.2,21,27.7,1.4,4098
20110827,1.1,21.8,29.5,0.8,4098
20110828,1.1,21.3,30.2,0,4098
20110829,0.7,21.9,31,1.4,4098
20110830,0.9,22.4,30.9,0.7,4048
20110831,0.9,22.1,31.8,0,4223
20110901,0.9,21.1,32.1,0,4309
20110902,2.1,20.6,30.3,0.5,4182
20110903,1.7,20.9,29.5,0.2,4182
20110904,1.8,19.4,28.3,2.1,4182
20110905,1,18.3,28.1,1.9,3731
20110906,1.5,16.7,28.3,0.1,3650
20110907,1,14.8,27.9,0,3561
20110908,0.6,18.7,25.8,0.1,3415
20110909,0.5,18.8,23.9,1.6,3485
20110910,1.2,18.1,22.1,16.2,3485
20110911,1.1,19.1,24.6,24.5,3485
20110912,0.8,21.1,28.2,4,3485
20110913,0.8,21.3,29.5,0.1,3485
20110914,1,21.3,30.5,0,3757
20110915,0.9,20.4,31.1,0,3643
20110916,0.9,20.6,31.5,0,3698
20110917,1.7,21,30,3.3,3698
20110918,2.8,19,25.3,3.6,3698
20110919,3,15.7,20.5,0.6,3521
20110920,2.5,13.5,21.5,0.1,3424
20110921,1.7,12.1,23.2,0,3422
20110922,1.2,10.4,24,0,3176
20110923,0.9,11.1,25.3,0,2858
20110924,0.9,11.9,25.5,0,2858
20110925,0.9,12.5,25.8,0,2858
20110926,1.2,12.2,26.5,0,2651
20110927,0.7,11.2,26.4,0,2472
20110928,0.8,13.7,23.5,0,2538
20110929,2,16,20.2,12.4,2219
20110930,1.3,11.8,21.5,0.2,2308
20111001,1.1,8.7,19.3,0,2308
20111002,0.9,8.2,18.7,0,2308
20111003,0.9,6,20.1,0,2308
20111004,1,6.5,21.9,0,2463
20111005,1.4,11,22.5,0,2466
20111006,1.1,9.9,22.3,0,2183
20111007,0.7,7.9,21.7,0,2292
20111008,0.8,8.2,22.7,0,2292
20111009,0.9,9.1,23.1,0,2292
20111010,1.2,10.5,24.5,0,2289
20111011,0.7,10.8,23.8,0,2378
20111012,0.8,8.5,21.5,0,2345
20111013,0.6,10.9,24.6,0,2177
20111014,1.8,12.4,16.1,9.8,2220
20111015,2.6,11.8,20.6,5.3,2220
20111016,1.9,10.8,20.4,0.4,2220
20111017,0.9,7.2,19.1,0,2376
20111018,0.8,3.3,17.9,0,2299
20111019,0.8,4.1,21.1,0,2282
20111020,1.6,9.1,21.4,0,2250
20111021,0.8,11.5,20.1,9.1,2225
20111022,0.9,11.9,19,22,2225
20111023,2,10.1,19.7,0,2225
20111024,2,11,17,1.9,2207
20111025,0.8,3.8,13.5,0,2208
20111026,0.8,1,16.5,0,2208
20111027,0.7,3.5,19.4,0,2209
20111028,0.9,7.7,20.2,0,2217
20111029,0.9,10,17.1,2.3,2217
20111030,1,9.8,19.6,0.3,2217
20111031,0.9,7.3,21.2,0,1999
20111101,0.9,8.1,22.3,0,1973
20111102,1,12.5,22.1,0.1,1959
20111103,0.9,12.1,23.8,0,1921
20111104,1.6,14,23.8,2.3,1900
20111105,2.3,16.2,23.4,21.1,1900
20111106,0.7,14.5,19,9,1900
20111107,1.6,13.3,19.2,0.3,1834
20111108,2.2,11.8,17.6,1.1,1796
20111109,0.9,11.4,16.6,0.8,1741
20111110,0.8,10.1,16.9,0.1,1611
20111111,1.1,9.3,16.6,1.9,1480
20111112,1.3,7.7,17,0,1480
20111113,1.5,7.5,17,0,1480
20111114,1,3.5,13.5,0,1470
20111115,0.9,1.7,14,0,1415
20111116,1,1.7,17,0,1342
20111117,1,6.8,15.7,1,1197
20111118,2.6,11.4,17.5,20.6,1168
20111119,3.1,7.6,18.1,6.3,1168
20111120,1.7,0.9,7.7,0,1168
20111121,0.6,-1.8,8.4,0,1146
20111122,2.8,-1.1,9.2,0.2,1131
20111123,3,1.9,10.4,5.2,1135
20111124,1.3,-1.7,5.9,0,1122
20111125,0.4,-1.8,9.3,0,1129
20111126,0.8,-0.9,12.5,0,1129
20111127,0.6,5.2,17.5,0.1,1129
20111128,1.8,7.8,18.2,0.4,1101
20111129,3.5,8.2,16.6,2.4,1093
20111130,2.9,5,11.5,29.7,1106
20111201,2.5,4.3,8.2,1.6,1106
20111202,1,3,9.4,2.6,1106
20111203,1.3,3.2,9.6,7,1106
20111204,0.7,0.9,9,0,1106
20111205,0.7,-1.7,8.2,0,1189
20111206,0.8,1.6,9.2,0.2,1181
20111207,2.2,2.4,9.1,0,1181
20111208,1.9,-0.5,7.4,1.7,1141
20111209,1.4,-3,2.7,1.5,1132
20111210,1.6,-4.7,3.4,0.5,1132
20111211,1.2,-0.5,7,0,1132
20111212,0.7,-0.5,9.5,0,1149
20111213,1.1,-3.4,9.8,0,1133
20111214,2.7,-2.8,10,0,1133
20111215,2.5,-3.9,5.3,0,1193
20111216,1.3,-6.4,-0.3,0.5,1214
20111217,1.2,-8.1,1.5,0,1214
20111218,1,-4.9,4.3,0,1214
20111219,0.9,-6,4.7,0,1241
20111220,0.7,-5.8,5.5,0,1241
20111221,3,-1.9,6.7,0.1,1241
20111222,1.1,-6.6,3.5,0.1,1316
20111223,2.1,-9.3,1,0.3,1308
20111224,2.7,-7.2,1.2,0.8,1308
20111225,1.6,-7.9,0,0.1,1308
20111226,0.6,-9,0.2,0,1251
20111227,0.8,-9.1,3.8,0,1282
20111228,1.4,-6.3,5.9,0.1,1323
20111229,0.8,-4.5,5.4,0.3,1338
20111230,0.8,-6.7,4.6,0,1326
20111231,1.7,-7.1,3.8,0,1326
20120101,1,-4.7,3.8,0.4,1326
20120102,1.3,-7.5,2.6,0,1319
20120103,2.2,-5.8,2.8,0.7,1319
20120104,1.1,-6.6,-1,0.8,1319
20120105,0.9,-8.7,1.5,0,1338
20120106,0.6,-7.8,3.7,0,1338
20120107,1.1,-9,4.1,0,1338
20120108,1.3,-8.2,4.7,0,1338
20120109,1.2,-4,4.9,0,1350
20120110,1.9,-3.7,4.5,0,1347
20120111,1.1,-7.6,0.7,0,1340
20120112,1,-9.6,2.2,0,1192
20120113,1.1,-4.8,5.3,0,1194
20120114,0.5,-6.6,4.9,0,1194
20120115,0.9,-3.9,3.8,0,1194
20120116,0.7,-4,7.3,2,1190
20120117,0.7,-1.2,8.6,0.2,1240
20120118,3.3,-1.8,7.3,0.4,1240
20120119,2.8,1.7,7.4,5.9,1288
20120120,0.8,3.5,8.9,1.4,1374
20120121,3.4,1.4,6.7,1.5,1374
20120122,2.3,-6.2,2.5,0,1374
20120123,1.5,-9.6,-2.3,0,1374
20120124,2.4,-10.6,-0.7,0.2,1374
20120125,1.4,-9.7,-2,0.7,1377
20120126,0.8,-10.9,3.2,0,1427
20120127,1.1,-4.9,6.1,0.1,1431
20120128,1.4,-3.8,5.7,0,1431
20120129,1.8,-5.8,4.8,0,1431
20120130,1.1,-7.1,2.4,0,1386
20120131,3,-9.2,3.4,3.3,1374
20120201,1.7,-10.6,-0.4,0.3,1510
20120202,1.1,-13.9,-5.7,0.1,1522
20120203,1.4,-13.7,-0.9,0,1522
20120204,0.7,-7.5,4.1,0.1,1522
20120205,0.7,-5.2,5.6,0,1522
20120206,3.7,-4.3,6.2,1.6,1488
20120207,2.6,-8.5,3,0,1511
20120208,2.2,-11.1,-1.6,0.4,1576
20120209,2,-8.8,1.7,0.2,1598
20120210,1.6,-6.2,3.7,0,1629
20120211,1,-8,3.6,0,1629
20120212,0.7,-7.2,6.7,0,1629
20120213,1.2,-0.9,6.5,0.5,1679
20120214,1.8,-0.8,9,3.4,1676
20120215,3.1,-1,7,0,1732
20120216,3.1,-3.7,4.9,0,1779
20120217,2.3,-6.5,0.1,0.1,1811
20120218,1.4,-9,-0.3,0.1,1811
20120219,1.2,-9.1,2.7,0,1811
20120220,0.8,-8.4,7,0,1862
20120221,1.1,-4.5,6.3,0.7,1866
20120222,1.8,-2.2,10.7,0,2176
20120223,1.5,1.1,10.8,0,2398
20120224,1.1,-0.4,9.4,0.3,2395
20120225,0.7,-0.5,5.3,1,2395
20120226,0.9,-3.1,4.3,0.6,2395
20120227,0.6,-6.4,6.8,0,2562
20120228,1,-4.3,7,0.6,2636
20120229,1.1,-2.2,12.1,0.1,2662
20120301,2,0.9,14.5,0,2662
20120302,2.8,4.1,7.9,2.1,2748
20120303,3.3,2.4,10.6,0.5,2748
20120304,2.8,2.7,8.4,4.4,2748
20120305,2.5,3.6,7,15.7,2829
20120306,1.8,2.3,7.9,3.6,2926
20120307,1.3,0.6,9.9,0,2953
20120308,2,-0.4,9.5,0,2996
20120309,2.2,-1.2,9.6,0.5,2971
20120310,4.5,0.7,9.6,0.1,2971
20120311,2.7,-2.8,3.4,0,2971
20120312,1.6,-5,5.1,0,2993
20120313,1.9,-4.9,8.2,0,3011
20120314,1.1,-2.7,11,0,3133
20120315,1.2,-0.2,12.9,0,3201
20120316,0.4,3.4,11.2,5.4,3253
20120317,2.3,6.7,13.4,1.9,3253
20120318,1.8,2.6,12.4,1.2,3253
20120319,2.4,-0.8,9.5,0,3290
20120320,1.9,-1.9,10,0,3330
20120321,1.4,-2.2,12.7,0,3322
20120322,2.1,2.3,10.4,7.6,3302
20120323,3.8,3.7,8.3,19,3290
20120324,3.7,2.2,8.8,1.2,3290
20120325,2.5,1,8.8,0,3290
20120326,2.1,-1.3,10.8,0,3337
20120327,1.3,-0.7,15.6,0,3337
20120328,2.1,3.7,17.4,0,3330
20120329,2.5,1.8,18.9,0.6,3331
20120330,3.4,7.8,15.5,25,3353
20120331,2.5,2.8,11.8,0.1,3353
20120401,1.1,-0.2,11.7,0,3353
20120402,3,1.3,16.9,5.7,3352
20120403,3.2,2.8,13.3,24,3325
20120404,3.4,0.7,15.7,0,3318
20120405,3.5,3,14.2,0,3300
20120406,2.2,0.7,12.3,0,3363
20120407,2.5,0,13.8,0,3363
20120408,2.6,2.7,21,0,3363
20120409,1.1,10.7,22.4,0,3355
20120410,2.3,10.1,18,4.8,3399
20120411,2.9,7.8,17.6,2.2,3399
20120412,1.3,3.8,17.1,0,3385
20120413,1.8,7.4,14.7,0.7,3425
20120414,1.5,6.2,20.1,0,3425
20120415,2,7.6,23.3,0,3425
20120416,1.2,6.9,21.1,0,3468
20120417,1.1,4.8,19.2,0,3495
20120418,2.4,5.7,21.2,0,3494
20120419,2.8,8.6,19.2,1.9,3473
20120420,4.7,11.5,19.6,0.7,3471
20120421,2.5,10.7,15,57.6,3471
20120422,2,9.5,16.4,4.1,3471
20120423,0.9,8.8,22.8,0.1,3452
20120424,1.5,11.1,27.2,0,3462
20120425,4.2,11.4,18.9,28.6,3458
20120426,1.5,8.2,18.1,0.5,3451
20120427,1.6,5.4,23.1,0,3461
20120428,0.9,8.6,24.9,0,3461
20120429,2.3,11,22.1,0,3461
20120430,1.2,12.9,23.7,0.3,3462
20120501,3.2,14.7,23.2,5.6,3462
20120502,2,15.6,23.7,1.2,3360
20120503,2,13.4,22.8,1.5,3384
20120504,2.8,12,26.1,0.1,3260
20120505,2.5,13.3,26.2,0.1,3260
20120506,1.6,10.6,25,0,3260
20120507,0.9,10.7,26.5,0,3199
20120508,1.4,12.5,27,1.1,3058
20120509,2.8,12.6,26.1,0.1,2931
20120510,1.9,12.2,20.8,0.2,2764
20120511,1.6,12.4,17.8,0.1,2695
20120512,1.2,11.3,20.9,0,2695
20120513,0.8,12.2,22.4,0,2695
20120514,2,14,17.1,17.6,2632
20120515,1.7,13.1,22.9,0.5,2613
20120516,1.5,11.4,23.7,0.1,2540
20120517,1.5,11.2,21.8,1.3,2587
20120518,1.2,9.3,24.6,0,2576
20120519,1.1,11,24.6,0,2576
20120520,1.3,11.6,26.9,0,2576
20120521,1.1,12.3,26.7,0,2586
20120522,1.4,12.5,27.7,0,2551
20120523,1.2,14.6,28.1,0,2512
20120524,1.7,14.8,25.4,0.3,2366
20120525,1.3,15.3,26.1,0.3,2346
20120526,1.4,12.7,27.4,0,2346
20120527,1.3,13,27.6,0.3,2346
20120528,1.4,14.9,25.8,1.3,2346
20120529,1,15.1,26.7,0.1,2304
20120530,1.2,16.6,21.9,3.5,2288
20120531,1.4,15.5,25.5,1.1,2305
20120601,1.6,14.3,25.8,0,2310
20120602,1.1,16.4,26.5,1.5,2310
20120603,1.3,14.6,27.7,0,2310
20120604,1.7,15.6,27.5,0.2,2298
20120605,1.7,18.7,28.8,0,2294
20120606,1,18.5,28,0,2294
20120607,0.9,17.9,28.8,0,2165
20120608,1.1,18,23.5,7.7,2158
20120609,1.3,17.6,27,0,2158
20120610,1,17.5,27.9,1.1,2158
20120611,2,17.9,26.3,0.2,2142
20120612,1.4,17.9,27.6,2.2,2093
20120613,2.1,17.7,26.4,1.4,2130
20120614,1.6,17.4,26.6,0,2139
20120615,1.6,18.1,23,4.5,2066
20120616,1.7,17.5,27.7,0.3,2066
20120617,1,17.8,29.2,0,2066
20120618,1.8,18.5,27.1,3.3,2041
20120619,1.2,18.8,28.9,7.2,2068
20120620,1.3,18.3,27.7,0.2,2060
20120621,1.4,18.9,29.8,0.1,2060
20120622,1.4,18.4,28.9,0.1,2060
20120623,2.1,19.2,29.8,1,2060
20120624,2.9,19.6,27.1,0.8,2060
20120625,3.5,18.2,27.7,0,2116
20120626,2.6,18.6,25.5,0.4,2239
20120627,1.1,18.7,25,0.2,2358
20120628,1.2,18.1,28,0,2510
20120629,1.7,19.4,28.7,4.6,2597
20120630,2.3,20.9,26,37.4,2597
20120701,1.3,20.4,27.7,0.5,2597
20120702,1.5,19.9,29.2,0.1,2689
20120703,1.8,20.4,29.3,1.1,2782
20120704,0.9,22,29.6,0.3,2793
20120705,1.8,22.3,26.1,25.2,2960
20120706,0.9,21,25.5,64,2978
20120707,1.3,19.6,28.1,2.1,2978
20120708,1.2,19.3,29.7,0,2978
20120709,1.5,20,30.7,0,2996
20120710,1.4,20.9,27.8,6.4,2991
20120711,1.7,21.9,27.3,33.2,2921
20120712,1.2,21.1,29.1,0.8,2716
20120713,1.7,21.9,29,23.6,2675
20120714,2.6,21.3,25.8,25.1,2675
20120715,0.4,20.3,25.1,48.2,2675
20120716,0.8,20.4,26.5,0.6,2671
20120717,1.2,21.2,26.3,8,2659
20120718,2.9,22.7,28.6,14.1,2686
20120719,1.3,23.1,29.2,27.9,2850
20120720,0.9,22.8,30.8,0.2,2849
20120721,1,22.3,31,0.1,2849
20120722,1,23.3,29,3.9,2849
20120723,1.2,23.8,31.8,0.7,2800
20120724,1.3,24.1,33.1,0,2806
20120725,1.3,23.6,33.4,0,2773
20120726,1.4,23.3,33.4,0,2775
20120727,1.1,23.6,33.2,0,2809
20120728,1.2,23.8,33.6,0,2809
20120729,1.4,24.1,34,0,2809
20120730,1,24.4,33.8,1.2,2837
20120731,1.9,24.7,34.3,0.1,2772
20120801,2.4,24.3,34.9,0,2764
20120802,1.9,25.5,32.9,0.3,2522
20120803,1,24.9,33.6,0,2533
20120804,0.9,24.3,34.3,0,2533
20120805,1.3,23.6,35.3,0,2533
20120806,1.8,24.4,34.5,1.2,2550
20120807,1.2,24,33.5,0.2,2600
20120808,1.4,22.3,32.4,0,2752
20120809,0.8,23,32.7,0.2,2883
20120810,1,23.1,29,8,2891
20120811,0.9,22.7,31.8,0.8,2891
20120812,1.6,23.7,30.2,26.8,2891
20120813,1.8,23.2,28.8,35,2984
20120814,1,22.4,29.1,6.2,3033
20120815,0.7,23.5,30.2,42.8,3033
20120816,0.9,23.1,29.3,21.1,2972
20120817,0.6,23.4,31.8,2.7,2970
20120818,1.1,24.6,31.8,2.6,2970
20120819,0.8,25.3,32.2,1.5,2970
20120820,0.6,24.8,29.3,17.7,2991
20120821,1.2,24,31.3,17.4,2977
20120822,2.1,21.7,26.7,29.4,2977
20120823,2,20.6,24.7,38.5,2995
20120824,1,20.6,24.4,40.8,2968
20120825,1.1,22,30.6,3.4,2968
20120826,2.3,22.8,32.2,0,2968
20120827,4.5,23.1,30.8,1.9,3023
20120828,3,23.4,28.6,38.3,3058
20120829,2,23.2,30.3,2.6,3179
20120830,1.1,19.6,25.4,67.5,3406
20120831,0.9,18.3,27.7,1.7,3394
20120901,0.8,19.1,28.1,0.5,3394
20120902,0.9,19.9,28.4,0.3,3394
20120903,0.7,19.9,29,0.1,3395
20120904,1.7,19.8,27,23.3,3423
20120905,1,18.2,28,9.9,3457
20120906,1.4,15.7,27.2,0,3393
20120907,1.7,15.7,27.5,8.7,3366
20120908,0.8,18.8,26.4,33.3,3366
20120909,1.4,18,22.8,7.9,3366
20120910,1,17.3,26.3,10.4,3434
20120911,0.8,16.1,26.9,0,3479
20120912,0.8,16.5,26.3,0,3495
20120913,0.9,19.3,23.9,5.8,3492
20120914,1.8,17.6,22.7,4.3,3490
20120915,2.7,16.8,23.6,2.9,3490
20120916,2.6,17.3,20.7,46.6,3490
20120917,1.5,17.4,20.9,95.5,3462
20120918,0.6,17.2,25.4,0.1,3507
20120919,0.8,15.5,25.1,0.3,3622
20120920,0.7,14.1,25.4,0,3747
20120921,0.7,14.1,24.9,0,3784
20120922,0.9,14.2,25.8,0.1,3784
20120923,1,14.1,26.2,0,3784
20120924,0.9,13.5,26.2,0,3999
20120925,0.8,13.6,26.2,0,3851
20120926,1,13.4,25,0,3784
20120927,1.2,15.2,23.7,0,3817
20120928,2,14.4,24.5,1.6,3849
20120929,0.9,12.4,21.7,0.1,3849
20120930,0.8,10.6,22,0,3849
20121001,0.8,11.1,23.7,0,3849
20121002,1,12,24.4,0,3938
20121003,1,11.8,24.6,0,3938
20121004,0.8,11.1,24.5,0,3997
20121005,0.8,12.3,22.8,0,3998
20121006,1.1,13.5,24,0.1,3998
20121007,1,11.2,23.8,0,3998
20121008,0.9,10.5,22.4,0,3983
20121009,0.8,9.2,21.9,0,3909
20121010,1.3,10.5,21.9,1.6,3699
20121011,1,8.7,19.9,0,3673
20121012,0.7,6.6,21.9,0,3618
20121013,1.1,8.6,22.9,0,3618
20121014,0.7,9.6,23.5,0,3618
20121015,1,7.7,22,0,3689
20121016,1.5,7.7,23,0,3658
20121017,1.1,8.2,18.1,1.6,3571
20121018,1,4.2,17.7,0,3705
20121019,1.1,5.5,20.6,0,3689
20121020,0.8,7,21.2,0.1,3689
20121021,1.7,9.2,24,0,3689
20121022,2.5,10.5,20.2,26.7,3645
20121023,0.9,6.3,16.2,0,3623
20121024,0.8,5.9,18.2,0,3619
20121025,0.7,7.4,21,0.1,3468
20121026,0.9,8.6,22.2,0,3434
20121027,2.7,11.9,17.2,25.4,3434
20121028,0.8,9.8,20.6,0,3434
20121029,1.5,6.8,18.5,0,3372
20121030,1.2,5.4,15,0.3,3325
20121031,2.5,3.5,13.7,0.4,3315
20121101,0.9,2.6,11.8,0.1,3109
20121102,0.8,0.3,13.7,0,3035
20121103,1.7,0.8,16.7,0,3035
20121104,1.3,5.4,14.9,5.8,3035
20121105,1.4,6.9,14.8,3,3198
20121106,1.7,6.3,12.4,4.5,3134
20121107,0.5,6.1,14.3,0,3172
20121108,1.1,5.5,15,0,2824
20121109,2.8,4.9,16.2,0,2791
20121110,3.4,7.7,15.6,3,2791
20121111,3.5,6.9,15,18.1,2791
20121112,2.5,6.9,12.5,1.2,2913
20121113,2.7,3.9,11.2,3.1,2935
20121114,0.9,2.2,8.2,0.7,2886
20121115,0.3,0.1,11.3,0,2819
20121116,1.8,-0.5,10.9,5.7,2844
20121117,0.9,3.6,10.9,4,2844
20121118,1.7,-0.2,10.8,0,2844
20121119,1.3,-0.2,11.6,1.1,2820
20121120,0.8,-1.1,8.2,0,2820
20121121,0.8,-2.3,9.6,0,2765
20121122,1.7,0.5,12.5,0,2677
20121123,1.3,3.2,9.8,0.5,2668
20121124,0.9,-1.3,8.8,0,2668
20121125,2.6,-2.9,9.3,1.2,2668
20121126,1.5,0.7,8,2.8,2675
20121127,1.4,-2.9,7.7,0,2691
20121128,1.2,-0.9,13.2,0.8,2663
20121129,1,-1.4,8.1,0,2710
20121130,1.7,-2.4,8.6,0.1,2634
20121201,0.8,-3.5,5.7,0.2,2634
20121202,1.5,-0.7,8.4,0.6,2634
20121203,3.5,-1.3,8.4,3.2,2600
20121204,2,-2.7,3.7,0.1,2600
20121205,2.1,-3.8,5.4,6.7,2600
20121206,0.9,-7.4,-0.2,0.6,2710
20121207,2.4,-6.4,2,3.3,2925
20121208,2.1,-7.6,0.1,0.9,2925
20121209,0.9,-10.1,-2.2,0.4,2925
20121210,0.5,-10.2,0.1,0,3083
20121211,0.5,-9.6,2.1,0,3221
20121212,0.4,-8.8,3.6,0,3339
20121213,1.5,-8.4,6.7,0,3331
20121214,0.8,-1.2,6.6,25.3,3333
20121215,0.7,2.1,8.7,0.5,3333
20121216,2,-0.4,8.7,0,3333
20121217,2.7,-0.6,7.1,0,3438
20121218,1,-5.8,0.6,0,3416
20121219,0.9,-8.1,0.8,0,3416
20121220,0.6,-7.3,4.4,0,3543
20121221,1.6,-2.2,3,6.7,3576
20121222,3.3,-3.2,3.1,0,3576
20121223,1.2,-9.2,-1.3,0.4,3576
20121224,2.7,-12,-1.4,0.1,3617
20121225,1,-9.5,0.7,0.3,3617
20121226,0.5,-12.6,-2.1,0,3624
20121227,0.4,-11.5,2.7,0,3634
20121228,1,-3.3,2.2,7.3,3624
20121229,2.7,-3.1,4.2,2.2,3624
20121230,1.7,-8.1,1.4,1.5,3624
20121231,0.4,-10.5,-1.2,0.2,3730
20130101,3,-9.1,2.6,2,3730
20130102,1.4,-11.2,0,0.4,3853
20130103,0.6,-13.9,-5.1,0,3958
20130104,0.8,-14.7,-1.9,0,4002
20130105,0.8,-13.1,1,0,4002
20130106,0.8,-8.5,2.1,0,4002
20130107,1.1,-9.7,2.5,0,4007
20130108,2.2,-8.7,3.2,0,3979
20130109,1.1,-9.6,-1.5,0,3964
20130110,0.6,-12,-0.8,0,3862
20130111,0.9,-11.8,2.9,0,3956
20130112,0.5,-5.6,7,0.1,3956
20130113,1.2,-4.7,3.9,0,3956
20130114,0.5,-6.1,5.7,0.1,3912
20130115,1.2,-7.2,4.9,0,3939
20130116,2.1,-5.7,3.9,0.1,3883
20130117,1.3,-6.2,0.3,1.9,3888
20130118,0.9,-9.1,3.2,0,3812
20130119,0.9,-5.3,5.9,0,3812
20130120,1.3,-4.7,7,0,3812
20130121,1.1,2.2,5.3,19.3,3793
20130122,1.2,2.3,5.7,2.2,3830
20130123,2.8,0.9,4.1,1.4,3822
20130124,4,-3.2,4.6,0.3,3719
20130125,2.6,-6.7,-1.5,0,3719
20130126,1.4,-8.9,-1.2,0,3719
20130127,0.8,-8.8,-0.8,0,3719
20130128,0.3,-8.7,4.4,0,3719
20130129,0.4,-3.2,8,0,3721
20130130,0.6,-0.9,11,0,3721
20130131,1.8,0.3,12.7,0.5,3702
20130201,3.3,4.8,12.2,31.3,3702
20130202,0.9,-2,8.1,0,3702
20130203,1.6,-4.7,2.8,3.2,3702
20130204,0.6,-1.6,6.3,4.2,3702
20130205,2.3,-3,3.5,3.9,3685
20130206,3.9,-1.2,3.7,2.2,3771
20130207,1.5,-10.9,0,0.1,3792
20130208,1.2,-13.2,-2.5,0,3814
20130209,2,-10.6,0.6,0,3814
20130210,0.9,-7.1,3.8,0.1,3814
20130211,1.6,-8,2.7,0,3814
20130212,1.4,-4.4,1.7,0.3,3957
20130213,1,-6.8,5.1,0,3991
20130214,2.4,-3.3,7.9,0,4014
20130215,1.2,-3.4,6.1,0,3982
20130216,0.9,-7.2,4.6,0,3982
20130217,1.9,-3.2,6.3,1.9,3982
20130218,2.6,0.2,6.3,1.8,3973
20130219,3,-3.4,4,0.5,4032
20130220,2.1,-6.8,3.6,0,4012
20130221,2,-5.2,5.3,0,4044
20130222,2.6,-3.5,7.1,0.6,3949
20130223,1.6,-5.1,5.2,0,3949
20130224,0.8,-4.1,7.7,0,3949
20130225,0.7,-3.3,10.3,0,4001
20130226,1.8,0,9.4,0.2,4015
20130227,0.7,0.8,13.1,0,3997
20130228,3.3,-1.1,16.4,0,3996
20130301,2.1,-1.2,11.2,4.9,3996
20130302,2,-3.7,5.6,0,3996
20130303,1.1,-4.1,7.4,0,3996
20130304,1.4,-2.7,10.4,0,3949
20130305,1,-2.6,12.9,0,3986
20130306,0.8,-1,16.9,0,3986
20130307,1.4,3.5,14.6,0.8,4069
20130308,2.5,2.5,18.3,0,4076
20130309,3.8,2.3,23.7,0,4076
20130310,1.2,0.4,13.9,0,4076
20130311,1.2,-3.2,13.1,0,4028
20130312,2,-0.3,16.5,1.4,4085
20130313,2,2.1,12.4,16.1,4085
20130314,1.8,0.3,9.7,0,4159
20130315,1.3,-1,13.4,0,4133
20130316,1.6,1.2,15.8,0,4133
20130317,2.2,0.3,17.6,16,4133
20130318,1.4,7,15.5,16.3,4080
20130319,2.5,5,15.8,0,4080
20130320,1.6,-1.1,11.9,2.3,4016
20130321,1.5,-4.1,9.8,0,3998
20130322,1.1,-0.5,11.3,0,3986
20130323,2.4,0.5,13.8,0,3986
20130324,2.2,1.3,12.4,0,3986
20130325,1.4,-0.1,8.7,0.8,3986
20130326,1.5,-2.3,12.5,0,3986
20130327,1.7,1.3,17.2,0,3996
20130328,2.2,2.7,17.3,0,3999
20130329,1.5,1.9,13.2,0,4023
20130330,1.5,0.8,12.9,0.3,4023
20130331,0.9,2.4,13.7,0.6,4023
20130401,1.6,1.1,16.8,0,4161
20130402,2.5,4.3,12.1,1.4,4161
20130403,1.3,3,17.7,0,4170
20130404,1.6,4.7,20.3,0,4141
20130405,1.3,5.1,19.9,0.3,4153
20130406,2.8,3.7,13,24.7,4153
20130407,1.8,1.8,9.6,1.6,4153
20130408,4.1,0.4,16.3,0.1,4199
20130409,2.7,4.2,13.1,0.3,4236
20130410,3.6,1.2,10,0.1,4256
20130411,2.1,1.8,12.1,0.5,4253
20130412,2.2,0.8,12.9,0,4253
20130413,3.7,1.1,19.8,0,4253
20130414,0.7,4.3,17.5,1.5,4253
20130415,2.7,0.9,14,0,4238
20130416,3.3,5.8,24.5,0.1,4238
20130417,2.8,9.2,17.3,0.3,4218
20130418,2,7.3,18,0,4218
20130419,0.9,3.7,15.3,0,3966
20130420,2.6,3.5,8.5,9.7,3966
20130421,1.5,3.1,15.2,0,3966
20130422,1.3,2.3,18.9,0,3974
20130423,2.4,8.6,14,22.1,3974
20130424,1.8,8.9,19.4,1.5,3991
20130425,3.1,6.6,16.4,2.2,3856
20130426,1.8,6.4,17.3,0.5,3704
20130427,1.2,4.9,19.1,0.8,3704
20130428,2,7.1,22.1,0,3704
20130429,2.7,9.4,19.1,7.5,3823
20130430,1.8,6.2,21,0.1,3752
20130501,1.6,6.8,17,0.2,3752
20130502,2.1,6.7,17.9,1.1,3307
20130503,1.9,6.3,19.2,0.9,3293
20130504,2.3,8.7,20.5,0.1,3293
20130505,1.8,7.6,23.6,0,3293
20130506,1.4,8.9,25.1,0,3205
20130507,1.4,9.7,23.1,0,3241
20130508,1.2,8.8,26.4,0,3218
20130509,1.6,11.5,24.4,3.8,3130
20130510,2,12.8,19.5,15.9,3100
20130511,2.6,11.9,25.5,0,3100
20130512,1.7,13,26.7,0.1,3100
20130513,1.3,13.4,28.1,0,3097
20130514,2.4,11.8,26,0,3128
20130515,2.9,13.8,25.3,0,3116
20130516,1.5,12.7,23.5,0,3009
20130517,1.1,10.9,23.6,0,3009
20130518,2.1,11,24,4.2,3009
20130519,2.3,14.1,19.9,24.4,3009
20130520,1.4,12.4,21.9,0,2944
20130521,0.9,9.7,26.1,0,2933
20130522,1.1,12.1,27.6,0,2918
20130523,1.4,14.1,28.5,0,2890
20130524,1,14.2,30.1,0,2874
20130525,1,15.7,28.6,0,2874
20130526,2.2,16.9,27,0,2874
20130527,1.7,17.6,22.2,51.8,2864
20130528,2.1,17.3,22.1,26.1,2859
20130529,1.5,15.9,21.3,0.5,2842
20130530,1.2,14.5,26.5,0,2777
20130531,0.9,13.2,26.3,0,2770
20130601,1.4,15.4,25.3,0,2770
20130602,1.3,13.6,26.9,0,2770
20130603,1.3,14.2,26.6,0,2752
20130604,1.1,15.4,28.6,0,2734
20130605,1.1,16.4,28.9,0,2723
20130606,1.4,17.4,28.5,0.6,2723
20130607,1.1,17.8,28.1,0.2,2737
20130608,1.5,17.6,27.1,0,2737
20130609,1.6,17.7,27.8,0,2737
20130610,1.7,17.2,27.9,0,2737
20130611,1.1,18.5,24.7,4.8,2716
20130612,0.8,18.9,23.5,3.4,2691
20130613,0.9,19.3,26.5,0.1,2650
20130614,1.3,19.9,25.4,1.5,2659
20130615,1.8,20,29.2,0.1,2659
20130616,1.7,19.2,30.1,0,2659
20130617,0.7,20,28.6,1,2693
20130618,0.9,21.5,24.5,46.9,2706
20130619,1.1,20.3,28.2,20.1,2737
20130620,1.4,20.1,30,0,2775
20130621,1.2,20.8,28.1,0.4,2788
20130622,1.1,20,27.9,1.3,2788
20130623,1.2,19.5,24.8,2.9,2788
20130624,1.6,18.4,28.3,0,2773
20130625,1,19.4,27.2,6.5,2774
20130626,1.4,19.6,28.9,5.8,2741
20130627,1,19.5,28.3,3.5,2741
20130628,1,20.1,29,1.6,2741
20130629,1,19.5,30.3,0.1,2741
20130630,1,20,30.6,0,2741
20130701,2.1,21.1,30.6,0,2690
20130702,2.2,22.3,29.4,11.5,2683
20130703,1.5,22.4,29.6,18.6,2657
20130704,0.7,22.8,27.9,22.3,2659
20130705,1.2,21.9,26.3,51.5,2636
20130706,0.8,21.8,29.9,0,2636
20130707,0.5,22.2,27.3,19.3,2636
20130708,2,23.5,29,14.6,2676
20130709,1.3,24.4,30.7,1.7,2707
20130710,0.9,23.9,30.8,2.3,2693
20130711,1.7,23.6,30.7,5,2701
20130712,0.6,23.3,29.1,6.3,2694
20130713,1.4,23.5,30.3,18.4,2694
20130714,1,23.3,29.6,23.6,2694
20130715,1.7,23.4,29.7,14.2,2690
20130716,1.5,23.2,31.5,0.5,2726
20130717,0.8,23.8,29.8,8.5,2734
20130718,0.8,23.2,30.8,4.7,2763
20130719,1.4,22.4,31.8,0.4,2816
20130720,1,23.4,32.2,1.1,2816
20130721,0.9,24.2,31,1.3,2816
20130722,0.6,24.5,31.6,16.6,2878
20130723,2.4,24.5,28.4,17.3,2889
20130724,2,23.8,30.1,4.8,2942
20130725,1.4,22.6,31.7,0,3019
20130726,1.3,22.6,32.4,0,3075
20130727,0.5,22.2,31.8,0.1,3075
20130728,1.5,23.6,28.9,11.1,3075
20130729,0.8,24.2,31.6,5.2,3147
20130730,1.2,23.2,31.3,8.5,3303
20130731,1,24.1,31,12.9,3365
20130801,0.9,23.8,32.2,3.6,3376
20130802,1.2,24.6,30.6,3.7,3359
20130803,1.1,24.5,31.9,9.1,3359
20130804,1.1,24.6,32.1,7.6,3359
20130805,0.9,24.1,32.2,4.9,3369
20130806,0.9,23.7,32.9,9.8,3388
20130807,1.4,24.3,34.3,0,3426
20130808,1.1,25.9,34.6,0,3450
20130809,0.8,25.9,34.6,2.1,3535
20130810,1.1,24.6,33.8,6.4,3535
20130811,0.9,24.3,34.7,0.2,3535
20130812,1.2,24.6,34.5,0.2,3575
20130813,1.2,24.2,33.9,0,3698
20130814,1.1,23.8,33.7,0,3705
20130815,1.2,23.6,33.8,0.1,3705
20130816,1.5,24.1,34,0.5,3801
20130817,1.2,24.3,33.5,0,3801
20130818,1,24.4,34.1,0.7,3801
20130819,0.8,23.9,34.1,2.5,3924
20130820,1,23.1,33.5,0.6,4080
20130821,1.2,23.6,32.4,1.4,4225
20130822,0.9,24.5,33,6.6,4587
20130823,0.9,23.6,28,38.7,4696
20130824,0.9,21.9,28.2,31,4696
20130825,1.1,20.7,30.6,2.3,4696
20130826,1.1,20.6,30.9,0.1,4838
20130827,1.2,20,31,0,5046
20130828,1.1,21.1,30.7,0,5142
20130829,1.5,21.7,29.7,23.4,5189
20130830,1.1,22.1,29.6,4.7,5280
20130831,1.1,19.7,28.1,3.7,5280
20130901,0.8,18.8,28.3,0,5280
20130902,0.6,17.4,27.9,0.2,5256
20130903,1.3,16.5,24.4,0,5112
20130904,1,14.7,27.1,0,5015
20130905,0.8,15.4,24.4,0,4954
20130906,0.7,17.5,21.8,5.2,4804
20130907,0.8,17,25.5,1.6,4804
20130908,0.8,16.7,27.9,0,4804
20130909,0.5,16.7,27.7,0,4643
20130910,0.6,18.3,27.4,3,4529
20130911,0.5,19.9,25.5,9.9,4466
20130912,0.5,20.4,25.6,2.9,4564
20130913,0.8,20.7,28.7,14.4,4577
20130914,1,20.1,25.6,40.6,4577
20130915,1.1,18.1,28.9,0,4577
20130916,0.8,15.2,27.1,0.1,4441
20130917,0.9,14.4,28.9,0,4477
20130918,0.9,16.3,30.1,0,4477
20130919,0.8,17.3,28.6,0,4477
20130920,1,17.3,29.2,0,4477
20130921,2.8,18,29.5,0,4477
20130922,0.9,18.5,27.4,1.6,4477
20130923,0.9,17.2,28,0,4592
20130924,1.8,17.8,26.3,3.8,4537
20130925,1.2,16.2,24.2,1.1,4359
20130926,1.1,12,23.4,0.2,4044
20130927,0.9,10.3,24.6,0,3995
20130928,0.9,15,22,2.1,3995
20130929,1.6,17.1,20.6,26.8,3995
20130930,0.7,18,25.9,7.2,3930
20131001,1.4,16.7,26.5,0.5,3903
20131002,1.1,14.7,24.4,2.4,3829
20131003,0.7,10.7,22.8,0.1,3829
20131004,1.3,9.2,24.6,0,3708
20131005,2.7,11.2,25.6,0,3708
20131006,1,16.9,24.7,2.7,3708
20131007,1.7,19.5,26.9,0.9,3542
20131008,1,18.5,22,30.7,3497
20131009,0.7,16.8,24.7,0.6,3497
20131010,2.9,16.5,23.9,8.2,3068
20131011,1.8,13.1,23.6,0.3,3017
20131012,0.6,9.9,22.3,0,3017
20131013,0.9,9.3,23.8,0,3017
20131014,2.3,11,25.2,0,2883
20131015,1.2,10.5,19.6,5.8,2846
20131016,0.8,6.3,17,0,2812
20131017,0.7,5.3,18.3,0,2435
20131018,1.2,6.8,20.6,0,2349
20131019,1,8.6,20.5,0,2349
20131020,1.6,11,22.7,0.1,2349
20131021,2.5,10.1,21.2,0,2272
20131022,1.2,9.7,21,0.2,2233
20131023,1.2,10.6,21.8,0,2199
20131024,1.6,9.2,20.5,0,2303
20131025,0.9,6.4,17,0,2242
20131026,1,4.7,16.7,0,2242
20131027,0.7,3.9,18.3,0,2242
20131028,1.1,4.3,18.4,0,2250
20131029,1.3,5.4,19.6,0.3,2270
20131030,0.7,7.2,17.9,0,2286
20131031,0.8,6.6,19.8,0,2273
20131101,0.7,7.9,21.2,0,2288
20131102,1.1,10.2,18.4,2,2288
20131103,0.7,9.4,18.6,0.1,2288
20131104,0.8,7.6,17.9,0.3,2350
20131105,0.3,5.3,19.3,0,2303
20131106,2.3,7.5,17.3,0.9,2201
20131107,0.5,6.7,18.4,0.5,1976
20131108,0.8,3.6,16,0,1961
20131109,2.9,7.1,16.6,12.5,1961
20131110,1.7,4.2,15,0.6,1961
20131111,1.4,1.2,9.4,0,1870
20131112,0.7,-0.3,10.6,0,1870
20131113,0.5,-1.2,12.3,0,1870
20131114,1.1,0.6,11.5,0.5,1804
20131115,0.6,3.8,14.8,0.7,1796
20131116,3.4,1.4,14.7,0.5,1796
20131117,4,3,11.2,1.4,1796
20131118,3.8,0.7,6.5,1.4,1845
20131119,2.2,0.4,6.8,0.8,1858
20131120,1.4,-0.3,7.9,0.1,1887
20131121,1.1,-1.2,9.6,0,1935
20131122,0.8,-0.3,11.3,0,1935
20131123,1.4,0.6,13.1,0,1935
20131124,4.7,2.3,13.8,14,1935
20131125,2,3.3,12.7,12.6,1947
20131126,0.7,-0.8,8,0.3,2036
20131127,1.4,-2,6.4,6.7,1997
20131128,1.5,-4.5,2.2,1.3,2111
20131129,0.6,-3.3,5.9,0.5,2164
20131130,1,-1.8,10.8,0,2164
20131201,0.4,-0.2,10.8,0,2164
20131202,0.8,-1.1,9.5,0,2200
20131203,1,0.4,11,0,2243
20131204,0.4,-0.2,11.6,0,2218
20131205,1.6,-0.1,10.5,0,2329
20131206,0.6,-0.2,9.3,0,2367
20131207,0.6,-1.3,10.5,0,2367
20131208,1,-1,11.6,0,2367
20131209,2.1,2.5,9.5,8.5,2394
20131210,2.5,0.4,6,1.2,2371
20131211,1.8,-1.7,4,2.2,2378
20131212,1.9,-4.8,5.7,3.1,2486
20131213,1.1,-5.8,2,0.3,2447
20131214,1.1,-6.2,4.4,0.3,2447
20131215,0.5,-5.2,3.8,0,2447
20131216,1.1,-6.1,3.2,0,2564
20131217,1.2,-2.5,6.3,1.7,2419
20131218,2.9,0.9,8.5,0.4,2409
20131219,2.3,-3.3,2.9,1.2,2548
20131220,1.3,-4.2,2.4,1.2,2541
20131221,0.6,-4.3,4.7,0.1,2541
20131222,1.1,-5.7,4.9,0,2541
20131223,0.5,-3.6,5.4,0,2578
20131224,0.8,-5.5,6.8,0.1,2578
20131225,1.1,-5.4,7.2,0,2578
20131226,2.3,-1.5,5.3,0.3,2589
20131227,1.6,-5.3,0.8,0,2562
20131228,1.5,-8,0.8,0.1,2562
20131229,2.2,-7.3,3.2,0.3,2562
20131230,2.3,-2.4,7.6,0,2514
20131231,2.9,-1.8,9.1,0,2514
20140101,1.9,-0.3,9.2,0,2514
20140102,0.8,-2.2,9.1,0,2515
20140103,0.6,-3.2,10.1,0,2515
20140104,1,-2.8,6.9,1.2,2515
20140105,0.7,-3.7,6.6,0.1,2515
20140106,0.6,-5.1,7.6,0,2530
20140107,1.4,-4.3,7.8,0,2490
20140108,2.3,-1.4,5.3,1.8,2429
20140109,1.2,-8.1,-0.6,0,2412
20140110,1.1,-9.6,2,0,2412
20140111,1.8,-5.5,4.4,0,2412
20140112,1.3,-5.1,5.3,0,2412
20140113,1,-8.4,1.5,0,2375
20140114,1,-9.3,3.4,0,2375
20140115,0.6,-8.1,4.3,0,2375
20140116,0.8,-6.6,5.2,0,2316
20140117,1.8,-5,5.9,0,2316
20140118,0.8,-4.6,3.9,0,2316
20140119,1.3,-8.3,4.6,0,2316
20140120,1.9,-2.2,5.5,1.5,2276
20140121,1.1,-5.5,-0.1,1.4,2303
20140122,0.6,-8,3.4,0,2270
20140123,0.3,-7.5,7.1,0,2254
20140124,0.8,-3.5,10.7,0,2231
20140125,1.9,1.4,10.6,1.9,2231
20140126,1,-4.1,5.6,0.2,2231
20140127,1.6,-7,8.9,0,2242
20140128,0.8,-3.1,9.3,0.1,2242
20140129,1.2,-6.4,11.5,0.7,2262
20140130,0.6,1.5,10.2,1.1,2262
20140131,0.6,-3.1,10.8,0,2262
20140201,0.9,1,13.4,6,2262
20140202,2.7,5.1,14.2,0.4,2262
20140203,2.4,-4.5,7.3,0,2250
20140204,0.7,-8.1,-0.7,0,2250
20140205,1.3,-8.1,1.4,0,2224
20140206,3.5,-4.8,4.5,0.3,2233
20140207,2.7,-1.8,6.7,2.8,2232
20140208,1.3,0.4,4.6,3.2,2232
20140209,2.3,-1.3,3.3,3.2,2232
20140210,1.1,-2.6,3.4,2.2,2223
20140211,0.8,-4.2,5.3,0.6,2207
20140212,1.5,-3.3,6.5,0.4,2308
20140213,1.6,-2.7,6,2.1,2284
20140214,1,-1.6,6,0.2,2284
20140215,1,-4.1,8.9,0,2284
20140216,2,-3.9,10.1,0,2284
20140217,2.9,0.7,8.3,2.5,2292
20140218,0.8,-0.7,5.6,0.5,2251
20140219,1.4,-2.8,6.7,0.1,2254
20140220,0.9,-3.8,7.5,0,2218
20140221,0.8,-4.4,7.9,0,2215
20140222,0.9,-4.5,9.2,0,2215
20140223,0.9,-3.3,10.4,0,2215
20140224,0.8,-2.5,12,0,2231
20140225,0.9,-1.3,13.6,0,2188
20140226,1.7,1.2,11.5,4.1,2157
20140227,1.8,3.4,15.5,0.2,2131
20140228,1.2,3.1,11.8,0.1,2142
20140301,1.3,4,9.8,2.1,2142
20140302,1.1,0.4,10.5,0.6,2142
20140303,0.9,-2.4,11.6,0,2121
20140304,3,-1.1,11.4,0.2,2132
20140305,2.7,-0.7,8,0.7,2104
20140306,2.9,-4.1,6.5,0,2063
20140307,1.7,-3.8,6.3,0,2043
20140308,2.1,-3.2,8.2,0,2043
20140309,1.9,-1.5,7.2,1.3,2043
20140310,1.4,-4.4,8.8,0,2043
20140311,0.9,-3.6,13.6,0,2026
20140312,3.5,0.5,9.3,23,1973
20140313,1.6,1.4,7.6,8.8,1938
20140314,1.9,-0.9,8.4,0.3,1938
20140315,1.3,-1.4,14.1,0,1938
20140316,2,4.2,18,0,1938
20140317,3.4,3.8,20.1,1.3,1937
20140318,1.3,7.4,18.3,0.5,1890
20140319,1.2,5.8,12.6,0.1,1890
20140320,1.1,3,10.7,2.7,1918
20140321,1.3,0.5,10.4,0,1898
20140322,1.7,-1,15.6,0,1898
20140323,2.1,2.4,18.3,0,1898
20140324,1.2,2.2,18.1,0,1898
20140325,1.4,11.2,18.1,9.3,1888
20140326,1.2,9.5,19,8.9,1888
20140327,1.2,6.4,20.6,0,1893
20140328,1.1,7.6,24.1,0,1866
20140329,1.4,11.7,17.2,10.7,1866
20140330,1.2,8.2,18,3.8,1866
20140331,1.2,5.5,19.8,0,1907
20140401,1.4,5.3,21.8,0,1943
20140402,1.8,6.3,22.6,0,1968
20140403,1.9,5,18.1,4.9,1942
20140404,1.6,2.8,11.9,0.8,1942
20140405,2,1.2,12.3,0.6,1942
20140406,2.2,2.5,13.9,0,1942
20140407,1.5,3.9,19.2,0,1945
20140408,1.5,3.9,20.7,0,1936
20140409,1.5,4.9,20.9,0,1946
20140410,1.4,7,20.7,0,1965
20140411,1,7.8,17.8,0.1,1974
20140412,1.3,9.4,18.1,0.1,1974
20140413,2,8.5,19.3,2.4,1974
20140414,2.1,5,22.5,0,1996
20140415,1.2,7.5,23.6,0,2007
20140416,1.2,11,23,0,2052
20140417,2.1,7.7,20.5,12.5,2052
20140418,3,10.2,18.4,0.7,2018
20140419,1.6,9.1,16.3,0,2018
20140420,1.8,8.5,19.9,0,2018
20140421,1.5,8.3,21.9,0,1996
20140422,1.4,8.6,22,0,1997
20140423,1.2,6.7,24.2,0,1997
20140424,1.4,8.5,25.2,0,2060
20140425,1.3,8.4,25.8,0,2028
20140426,0.9,9.8,23.7,0,2028
20140427,2.9,13.3,18.8,12.1,2028
20140428,3.3,12.4,15.4,27.2,2016
20140429,1.1,12.1,17,23.2,2004
20140430,2,11.1,19.3,1.1,1998
20140501,2.3,10,23,0,1998
20140502,3.3,10.1,25.8,0.2,2022
20140503,2.2,9,20.9,0,2022
20140504,2.6,7.6,20.5,1.2,2022
20140505,2,6.3,17.2,0.1,2022
20140506,1.7,5.6,19.8,0,2022
20140507,2.4,6.2,22.7,0.3,2022
20140508,1.3,10.6,20.6,2.7,1998
20140509,1.6,8.3,23.4,0,2019
20140510,2.2,9.2,24.7,0,2019
20140511,2.7,11.1,23.2,18.5,2019
20140512,2.1,14.2,22.4,15.6,2011
20140513,1.7,12,27.4,0,2011
20140514,2.7,14.4,23.6,1.6,2011
20140515,2.3,14,24.5,0,2034
20140516,1.3,11.7,26.1,0,1708
20140517,1.1,12.1,25.9,0,1708
20140518,1.2,11.6,25.8,0,1708
20140519,0.9,11.8,26.8,0,1728
20140520,2.2,14.8,23,4.5,1759
20140521,1.6,13.2,24.7,0,1729
20140522,1.7,12.7,27,0,1701
20140523,1.5,15.4,24.1,0,1688
20140524,1.5,15.4,28.6,0,1688
20140525,2.7,17.6,25,7.7,1688
20140526,2.1,15.3,26,2.3,1689
20140527,1.3,13.5,29.5,0,1694
20140528,1.8,16,28.4,1.2,1702
20140529,1.3,15.5,31.1,0,1706
20140530,1.4,15.2,32.1,0,1738
20140531,1.3,16.3,32.4,0,1738
20140601,1.5,18.3,29.9,0,1738
20140602,2.7,18,24.2,5.9,1573
20140603,3.4,17.2,21.3,19.8,1571
20140604,2.4,18.3,25.3,3.1,1571
20140605,1.3,18.2,23.8,1.2,1607
20140606,1.1,16.5,27.4,0,1607
20140607,1.5,15.8,26.6,0.2,1607
20140608,1.6,17.9,25,0.7,1607
20140609,1.6,17.9,25.4,0.9,1594
20140610,1.6,18,25.4,4,1632
20140611,1.1,17.6,25.2,4.8,1647
20140612,1,16,24.3,7.2,1750
20140613,1.8,16.3,25.4,1,1762
20140614,2,16.7,28.2,0,1762
20140615,1.4,17,28.7,0,1762
20140616,0.9,17.4,29.6,0,1769
20140617,1.1,19.2,26.1,1.9,1791
20140618,1.3,17.9,28.3,0.3,1853
20140619,1.5,18,27.9,0.3,1915
20140620,1.9,18.3,26.7,1.4,1924
20140621,1.6,19.2,24.3,2.3,1924
20140622,1,18.4,26.5,5.9,1924
20140623,1.1,18.3,26,12.4,1917
20140624,1.2,18,27,2.5,1959
20140625,1,18,28.4,0,1993
20140626,1.4,19,29.3,0,2101
20140627,1.7,18.8,29.9,0,2112
20140628,0.9,19.9,29.3,0.8,2112
20140629,1.1,18.9,28.4,0,2112
20140630,1.3,19.4,29.5,1.7,2241
20140701,1.4,19.5,31.1,1.5,2249
20140702,2,20.1,27.5,7.7,2288
20140703,1.1,19.5,23.5,25.8,2314
20140704,0.7,20.2,28.7,0.9,2363
20140705,1,19.5,27.3,0.8,2363
20140706,1.2,19.5,24.1,8,2363
20140707,1.7,19,28,0.9,2388
20140708,1.4,21.5,29.1,4.2,2383
20140709,1.7,23.4,30.4,7.2,2382
20140710,2.2,23.2,32,0,2542
20140711,1.1,21.5,32.4,0,2554
20140712,1.8,20.8,29.2,0.9,2554
20140713,1.4,20.9,28.4,8,2554
20140714,1,21.3,31.1,0,2518
20140715,1.3,21.3,28.5,2,2569
20140716,1.8,21.5,29.9,2.4,2569
20140717,1.4,21.7,27.6,7.7,2585
20140718,1.3,21.8,29,18.6,2641
20140719,1.1,22.5,31,9.2,2641
20140720,1.5,22.7,31.9,0.1,2641
20140721,2.2,22.4,31.7,0,2716
20140722,1.7,23.3,30.6,2.1,2753
20140723,0.7,23.2,29.7,10.7,2807
20140724,1.9,23.1,31.2,11.7,2844
20140725,3.3,24.2,32.6,8.8,2938
20140726,1.2,21.6,29.5,1.8,2938
20140727,0.8,19.1,29.8,0.2,2938
20140728,1.2,18.8,28.7,3.3,3006
20140729,0.9,20.6,29.4,2.7,3123
20140730,1.1,22.3,33,0,3113
20140731,1.6,23.8,34.2,5.5,3306
20140801,2.8,23.4,32.5,2.4,3306
20140802,2.4,24,30.6,46,3306
20140803,1,23.7,27.2,35.2,3306
20140804,1.5,23.7,27,9.1,3373
20140805,0.8,23.8,31.5,1.2,3400
20140806,0.8,22.9,29.9,5.8,3431
20140807,2.5,21.2,26,17.6,3431
20140808,3.4,20.4,27.4,3.9,3413
20140809,1.3,20.8,28.4,1.9,3413
20140810,1.5,20.6,28,21.6,3413
20140811,1.6,19.3,28.7,0.4,3394
20140812,0.6,19.9,30.4,0,3356
20140813,1,20.7,26.7,2.5,3487
20140814,0.9,19.5,22.8,18.2,3456
20140815,0.7,20.3,27.8,3.6,3456
20140816,1,20.7,29.4,0.2,3456
20140817,1.9,20.4,25.9,19.6,3456
20140818,0.7,19.8,23.9,56.9,3417
20140819,0.4,21.1,26.1,12.2,3342
20140820,2,21.5,26.3,13.3,3331
20140821,1.7,21.5,27.4,37.7,3301
20140822,0.9,20.4,29.5,0.9,3295
20140823,0.9,20.6,29.8,0,3295
20140824,1.3,21.1,28.4,5.7,3295
20140825,1.5,21.9,25.8,40.1,3335
20140826,1.7,21.3,28.6,5.6,3354
20140827,1,19.8,26.1,1.8,3386
20140828,1.2,18.8,26.6,1.2,3374
20140829,1.3,18.4,27.2,4.1,3404
20140830,0.7,17.3,27.5,0,3404
20140831,1.1,16.8,26.2,0,3404
20140901,1.4,16.8,28.3,0.1,3686
20140902,1.8,18.1,25.4,7,3621
20140903,1.6,19,24.4,31.7,3871
20140904,0.9,18.6,28.1,0.4,3998
20140905,1,17.7,29.7,0,3998
20140906,1,18.7,28.8,0.6,3998
20140907,1.1,17.7,29.4,0,3998
20140908,1,18.8,29.4,0,3998
20140909,0.9,17.5,28.2,0,3998
20140910,0.8,16,27.6,0,3998
20140911,0.7,15.8,28.2,0,4176
20140912,1.4,17.5,25,0.3,4229
20140913,0.9,16.8,27.3,0.2,4229
20140914,1,15.4,26.9,0,4229
20140915,0.9,17.7,27.6,0.1,4094
20140916,0.8,16.4,27.1,0,4094
20140917,0.8,17.1,24.3,2.4,3942
20140918,1,15.3,24.9,0.1,3744
20140919,0.8,13.5,25.1,0,3515
20140920,0.8,12.7,26.6,0,3515
20140921,0.9,13.6,26.1,0.1,3515
20140922,1,13.4,27.4,0,3511
20140923,1.6,15.1,26.5,8.2,3395
20140924,0.9,17.1,21.7,61.6,3330
20140925,0.8,16,26.2,0.3,3374
20140926,1.1,16.1,25,0.4,3374
20140927,0.7,15.1,26.3,0.1,3374
20140928,0.5,16.3,26.8,0.1,3374
20140929,2.2,18,22.1,4.9,3247
20140930,0.9,15.6,23.2,1.1,3185
20141001,1.1,14.9,23.3,0,3095
20141002,2.4,14.5,23.5,2.3,3017
20141003,2.1,12.7,21.8,0.2,3017
20141004,1.9,11.3,22.4,0.3,3017
20141005,0.7,10.9,22.2,0,3017
20141006,1,9.9,21.8,0,2938
20141007,0.7,8.9,22.7,0,2900
20141008,0.8,9.2,23.2,0,2890
20141009,2.6,10.2,24.3,0,2890
20141010,2.3,10.5,25.6,0,2728
20141011,1,13.4,24.9,0,2728
20141012,3.9,12.6,22.5,0.9,2728
20141013,1,11.4,20.4,14,2709
20141014,1.1,7.9,19.6,0,2632
20141015,1.2,6.7,20.2,0,2600
20141016,0.9,7.5,19.7,1.4,2585
20141017,0.8,4.7,21,0,2507
20141018,0.7,5.7,22.5,0,2507
20141019,0.5,7.1,22.8,0,2507
20141020,2.3,14.1,18.6,18.4,2440
20141021,2,13.2,18.8,41.6,2425
20141022,0.8,9.7,16.8,13.7,2432
20141023,0.8,7.7,19.3,0,2438
20141024,0.8,8.3,21.5,0,2410
20141025,1.2,9.3,23.1,0,2410
20141026,1.4,8.9,22.6,0.1,2410
20141027,0.8,6.8,18.5,0,2280
20141028,0.7,3.4,19.2,0,2263
20141029,0.6,4.6,20,0,2234
20141030,0.9,6.2,19.9,0,2282
20141031,0.7,11.1,15.1,23.6,2279
20141101,3.1,12.5,18.3,1.9,2279
20141102,1.9,8.7,15.6,2,2279
20141103,0.9,3.6,14.2,0,2296
20141104,1,2.6,17.8,0,2289
20141105,0.8,3.4,18.6,0,2199
20141106,0.5,7.5,18.9,0.1,2119
20141107,0.6,5.5,16.2,2.4,2091
20141108,1.3,7.7,15.4,0.5,2091
20141109,0.8,5.3,16.6,0,2091
20141110,0.9,2.6,17.2,0,2038
20141111,3.7,2.3,16.2,0.4,2079
20141112,3.5,3.3,12.9,2.2,2052
20141113,1.7,-0.3,6.4,0.1,1820
20141114,1.2,-0.5,11.3,0.2,1791
20141115,1,0.2,11.9,0,1791
20141116,1.4,3.2,14,0.2,1791
20141117,1.1,2.9,12,0.5,1837
20141118,0.7,0.6,12,0,1829
20141119,0.7,-1.7,13.1,0,1832
20141120,0.8,-0.2,14.8,0,1868
20141121,0.5,1.4,16.2,0,1889
20141122,1.1,3.7,15.8,1,1889
20141123,0.6,4.1,13.9,0,1889
20141124,3,8.1,11.5,28.1,1867
20141125,1.1,7.4,13.3,1.7,1853
20141126,0.8,5.5,14.9,0.1,1894
20141127,1.1,3.6,15.9,0,1937
20141128,1.5,5.2,12.6,5.9,1937
20141129,1,6.6,15,0,1937
20141130,4.5,6.8,11.9,9.5,1937
20141201,3.4,-3.1,10.7,1.8,1937
20141202,2,-5.1,0.6,0.7,1937
20141203,1.9,-4.4,4.1,2.3,1937
20141204,2.1,-3.4,3.1,1.6,1850
20141205,2.1,-5.9,0.5,1.3,1782
20141206,0.8,-6.3,1.9,0.2,1782
20141207,1.3,-5.1,3.5,0,1782
20141208,0.6,-3.8,5.2,1.9,1825
20141209,0.6,-6.1,5.8,0,1839
20141210,2.4,-2.3,7.8,0.4,1845
20141211,1.7,-1.9,6.1,0.2,1862
20141212,2.8,-3.4,3.6,1,1862
20141213,1.5,-5.2,0.8,0.7,1862
20141214,0.7,-6.9,3.4,0,1862
20141215,3.2,-2.6,5.8,2.2,1899
20141216,3.9,-6,4.2,5,1880
20141217,1,-8.7,-3.2,1.9,1886
20141218,0.4,-10.1,0.4,0,1910
20141219,2,-9.2,3.1,0.6,1924
20141220,1.3,-3.4,5.1,2,1924
20141221,0.8,-7,1.3,0.7,1924
20141222,0.3,-8,2.7,0.5,1973
20141223,1.3,-5.9,5.9,0,1973
20141224,1.6,-1.1,9,0.2,1973
20141225,0.5,-3.9,4.3,0,1973
20141226,0.6,-6.8,4.1,0,1958
20141227,0.3,-6.7,7.1,0,1958
20141228,0.8,-5.6,5.1,0,1958
20141229,1.7,-1.7,8,0,1968
20141230,2,-1.7,9.9,0,1938
20141231,2.9,-4.1,4.7,0.9,1938
20150101,1.6,-7.4,-1.9,0.5,1938
20150102,1,-7.6,0.8,0.3,1957
20150103,0.5,-9.3,4.3,0,1957
20150104,0.6,-2.6,9.8,0,1957
20150105,2.5,-2.7,10.1,4.1,1957
20150106,1.6,-3.3,7.1,4.7,1980
20150107,1.1,-6.5,1.6,0,1957
20150108,1.1,-7.8,3.3,0,1959
20150109,1.4,-5.1,4.9,0,1936
20150110,2.1,-4.2,6.7,0,1936
20150111,0.8,-3.3,6,0.1,1936
20150112,0.6,-6.5,4.8,0,1936
20150113,0.6,-6.5,7.9,0,1928
20150114,0.8,-0.2,5.9,0.4,1913
20150115,1.8,-1.3,9.1,0.2,1907
20150116,2.7,-2.6,5.3,0.3,1896
20150117,0.9,-4.6,3.1,0,1896
20150118,2.9,-6.8,5.8,1.3,1896
20150119,0.6,-1.3,6.4,0.4,1896
20150120,0.4,-5.3,6.8,0,1889
20150121,0.7,-0.6,6.5,3.1,1875
20150122,1.1,0.5,6.3,1.9,1910
20150123,1,-2.7,6.8,0,1910
20150124,0.8,-1.9,8.8,0,1910
20150125,0.8,-1.3,7.8,3.8,1910
20150126,2.6,2.7,9.1,1.7,1912
20150127,1.1,-3.7,4.6,0.3,1912
20150128,0.5,-6,3.5,0.3,1912
20150129,2.1,-3.6,3.7,1.4,1911
20150130,1.2,-3.6,3.6,0.2,1894
20150131,0.8,-6.9,2.6,0,1894
20150201,0.7,-8,5.5,0,1894
20150202,0.9,-5.5,7.3,0,1920
20150203,1.1,-5.1,7.9,0,1920
20150204,1.3,-3.4,6.1,0,1920
20150205,1.5,-2.9,5.4,0.3,1920
20150206,1.2,-3.6,7.4,0,1910
20150207,4,-2.6,7.1,0,1910
20150208,2.8,-8.3,2.5,0,1910
20150209,3.4,-10.7,1.2,0.1,1919
20150210,2.3,-2.2,8.1,0,1914
20150211,2.9,-1.2,9.7,0,1950
20150212,2.7,-3.2,4.8,0,1884
20150213,0.8,-6.4,5.2,0,1881
20150214,1.4,-4.8,9.2,0,1881
20150215,1,-0.2,11,3.8,1881
20150216,2.1,3.8,6.8,10,1923
20150217,2,1.7,6.4,0.3,1952
20150218,0.6,0.6,4.8,0.1,1952
20150219,0.7,-2.1,8.3,0.2,1952
20150220,1.4,-3.2,10.9,0,1952
20150221,2.5,3.9,8.5,7.9,1952
20150222,2.3,1.7,11.3,1,1952
20150223,1.3,-0.2,8.6,0,2094
20150224,1.3,-0.9,9.6,0,2067
20150225,3.3,-0.4,11.2,0.1,2079
20150226,2.2,-1.1,8.2,0.2,2082
20150227,0.7,-3.7,4.1,0,2115
20150228,2.7,-3.7,6.8,1.6,2115
20150301,1.4,0.5,7.1,0.9,2115
20150302,1.9,-3,10.5,0,2166
20150303,4,0.5,7.6,2.8,2174
20150304,0.8,-2.8,4.3,0,2202
20150305,1,-5.6,6.8,0,2216
20150306,1.1,-3.5,10.5,0,2216
20150307,1,-2.4,12.2,0,2216
20150308,3.5,-2.3,14.6,0,2216
20150309,4.7,-3.3,11.3,0.1,2258
20150310,4.2,-5.4,2.7,0,2293
20150311,2.7,-3.3,8.1,0,2271
20150312,1.7,-2.9,9.5,0,2286
20150313,1.1,0.1,10.9,1.2,2308
20150314,1.4,-2,11.7,0,2308
20150315,1.1,-1.5,15.2,0,2308
20150316,0.9,0.7,19.1,0,2289
20150317,2.8,3,20.2,0,2280
20150318,1.6,7.8,12.3,31.8,2305
20150319,1.2,6.8,18.3,0.5,2310
20150320,1.6,7.1,19.6,0,2340
20150321,2.7,5.1,19.4,0,2340
20150322,2.7,3.8,16.8,0,2340
20150323,1.5,-0.3,11.5,0,2371
20150324,1.3,-1.6,12.1,0,2401
20150325,1.6,-2.4,14.2,0,2401
20150326,1.4,-0.8,17,0,2406
20150327,2,1.3,18.3,0,2415
20150328,1.8,1.5,19.3,0,2415
20150329,1.6,6.2,19.1,0,2415
20150330,0.6,4.7,21.3,0,2442
20150331,2.8,8.3,15.5,3.1,2480
20150401,2.7,9.2,15.9,1.9,2486
20150402,2.8,8.4,19.5,7.7,2509
20150403,2.9,9,18.8,9,2529
20150404,1.4,7.7,16.2,17.8,2529
20150405,1.1,8.4,11.7,3,2529
20150406,2.8,7.4,13.3,4.2,2546
20150407,1.5,5.1,10.8,0.9,2559
20150408,1.1,4.3,12.4,0.3,2568
20150409,1.1,3.4,15.1,0,2538
20150410,1.3,3.4,18.2,0,2538
20150411,2.6,3.5,19.5,0,2538
20150412,4,5.2,17.9,0.6,2538
20150413,1.5,8.1,13.2,7.5,2516
20150414,2.2,6.1,12.5,10.2,2565
20150415,2.1,5.9,18.8,1,2574
20150416,2.3,6,20.4,2.7,2617
20150417,1.1,3.6,19,0,2640
20150418,2.1,4.7,21.7,2.4,2640
20150419,2,11.3,17.2,14.2,2640
20150420,1.7,8.1,14.6,11,2697
20150421,1.8,5.7,20.9,0,2780
20150422,1.8,7.1,20.9,0,2795
20150423,2.2,5.9,22.3,0,2738
20150424,1.7,8.7,22.9,0,2719
20150425,1.9,6.7,24.2,0,2719
20150426,2,8.5,26.9,0,2719
20150427,1,11.2,26.6,0,2768
20150428,1.4,10.9,23.9,8.2,2779
20150429,1.4,14,18.2,23.2,2807
20150430,1.3,13.1,24,0.2,2715
20150501,1.3,12.8,26.3,0,2715
20150502,0.9,13.5,26.2,1.9,2715
20150503,2.7,15.8,20.2,12.9,2715
20150504,2,10.5,21.9,0,2712
20150505,1.2,5.9,21.9,0,2712
20150506,1.6,7.7,22.1,0,2913
20150507,1.3,8.7,24.1,0,2962
20150508,1.8,9.2,23.4,0,2972
20150509,2,12.9,24.1,0.2,2972
20150510,2.6,10.8,23.5,0,2972
20150511,4,11.7,21.9,23.8,2972
20150512,3.6,12.2,19.8,9,2855
20150513,2.1,12.5,25.7,0,2870
20150514,2.2,13.6,26.9,0,2870
20150515,1.9,15.3,23.9,1.3,2870
20150516,1.2,11.7,25.3,0,2870
20150517,1.1,9.8,26.1,0,2870
20150518,1.8,12.8,20.4,4,3034
20150519,1.9,12.8,24.2,0.7,3242
20150520,2,11.3,22.5,0,3342
20150521,2,10.1,26.5,0,3600
20150522,1.3,14,27.7,0,3653
20150523,1.4,14.1,27.3,0,3653
20150524,1.5,12.5,28.3,0,3653
20150525,1.6,12.2,28.3,0,3653
20150526,1.2,13.1,30.9,0,3639
20150527,1.2,12.8,30,0,3655
20150528,1.4,15.5,29.2,0,3697
20150529,1.3,14.6,29.6,0,3742
20150530,1.3,15.8,23,2.7,3742
20150531,1.3,14.5,27.7,0,3742
20150601,1.6,14.2,29,0,3562
20150602,2.1,17.2,27.2,0.4,3475
20150603,1.2,16.4,27.7,0,3438
20150604,0.9,12.9,29.3,0,3422
20150605,1.1,13.3,21.2,3.2,3411
20150606,1,12.3,26.1,0,3411
20150607,1,15,27.6,0,3411
20150608,1.7,15.8,24.7,1.3,3397
20150609,1.2,16.3,27.9,0,3421
20150610,1.3,16.5,31.2,0,3405
20150611,2.2,17.9,25.6,1.7,3490
20150612,1.8,18.1,29.6,0.7,3502
20150613,1.5,17.5,28.4,0.7,3502
20150614,1.2,17.4,27.3,5.1,3502
20150615,1.2,19.2,28.4,0,3508
20150616,1.9,19.2,28.5,1.1,3408
20150617,2.4,18.2,25.9,2.9,3384
20150618,1.8,18.1,27.8,0.8,3387
20150619,1.2,18.4,27.8,2.2,3359
20150620,1,17.4,22.3,12.2,3359
20150621,1.3,17,26.8,0.1,3359
20150622,1.5,17.3,28,0.2,3327
20150623,1.4,18.2,29,0.1,3303
20150624,1.4,19.2,27.2,3.4,3303
20150625,2.1,18.9,25.9,14.6,3214
20150626,1.3,18.8,23.8,32.4,3140
20150627,1.5,18.4,25.8,0.7,3140
20150628,1.3,17.9,27.2,0,3140
20150629,0.9,18.5,29.1,0.2,3126
20150630,2.6,19,25.5,11.5,3022
20150701,1.9,18.4,28.1,0.9,3015
20150702,1.3,17,28.2,0.2,2989
20150703,1.4,17.6,28,0.5,2983
20150704,1.2,15.8,26.7,0,2983
20150705,1.1,17,27.4,0.4,2983
20150706,1,17.9,27.2,0.2,2987
20150707,2.2,17.7,23.1,13.3,2998
20150708,1.6,18.4,23.6,23,2932
20150709,1.1,20.2,26.2,19.1,2937
20150710,1.1,20.6,30.3,0,2937
20150711,2.2,22,31.1,9.2,2937
20150712,3.3,22.8,26.1,44.8,2937
20150713,2.2,21.8,26.7,3.6,2998
20150714,2.3,21,30.8,0.1,2941
20150715,3.2,20.7,31.2,1,2921
20150716,2.2,19.4,27.1,0,2921
20150717,1,17.8,25.7,0.3,2904
20150718,0.6,20.1,27.1,0.1,2904
20150719,1,20.2,28.6,1.5,2904
20150720,1.1,21.9,27.6,2.7,2895
20150721,1,22.1,28.3,4.1,2867
20150722,1,23,29.9,2.8,2837
20150723,0.9,23.6,29.4,13,2861
20150724,0.9,24.1,27.6,17.4,2812
20150725,1.3,24,29.6,8.8,2812
20150726,1.1,22.4,32.4,3.8,2812
20150727,1.2,23.5,30.4,1.8,2821
20150728,0.7,24.1,32,0.6,2798
20150729,1.4,24.3,31.1,7.1,2785
20150730,1.5,24.7,33.7,0,2720
20150731,1.1,24.5,33.6,0.2,2720
20150801,0.8,23.8,32.9,1,2720
20150802,1.2,23.5,31.5,5.1,2720
20150803,1.5,24.2,33.1,0,2723
20150804,1.4,23.3,33.3,0,2708
20150805,0.8,23.6,33.7,0,2715
20150806,0.8,23.4,34.3,0,2736
20150807,1.2,23.4,34.8,2.2,2712
20150808,1.3,23.6,33.8,6.8,2712
20150809,1.3,22.7,32.3,0,2712
20150810,0.9,22.7,31.5,0,2779
20150811,1.3,21.3,29.2,6.7,2778
20150812,1,20.4,27.9,5.1,2829
20150813,1,21,30.5,6.9,2750
20150814,0.8,20.8,30.8,1.1,2750
20150815,0.9,21.2,31.6,0,2750
20150816,1.1,21.4,29.7,6.9,2750
20150817,1.3,20.5,30.9,1,2673
20150818,0.8,21.3,30,0,2728
20150819,0.9,21.4,29,0,2814
20150820,0.9,22,27.3,5,2882
20150821,0.9,21.1,28.3,26.6,2838
20150822,0.8,21.1,28.6,0.3,2838
20150823,2,21.4,29.8,0.1,2838
20150824,1.9,22.1,27.9,3.1,2881
20150825,1.4,19.7,24,26.8,2892
20150826,1.7,18.7,26.9,0.4,2901
20150827,0.9,18.3,28.7,1.4,2836
20150828,0.9,18.8,28.7,2.5,2817
20150829,1.1,18.8,28.7,0,2817
20150830,1.3,18.3,29.1,0.4,2817
20150831,2,19.3,29.1,1.8,2908
20150901,0.8,20.8,27.9,5,2887
20150902,0.9,20,27.4,9.6,2881
20150903,0.8,19.2,28.1,1.8,2865
20150904,1,18.8,29,0,2857
20150905,2.3,19.4,25.6,9.4,2857
20150906,1.5,18,24.6,6.6,2857
20150907,1.8,15.9,26.4,0.1,2888
20150908,1.7,14.3,26.2,0,2870
20150909,1.2,13.6,27.1,0,2846
20150910,1.3,14.2,27.3,0,2765
20150911,1.4,15.7,26.6,1.5,2795
20150912,1.1,15.5,22.1,3.8,2795
20150913,0.8,13.5,25.1,0,2795
20150914,1.4,12.8,26.4,0,2810
20150915,1.5,13.3,25.7,0,2760
20150916,1.8,13.2,24.1,1.6,2733
20150917,0.9,15.2,24.2,4.4,2699
20150918,1.1,14.6,26.3,0,2706
20150919,1,15.2,26.7,0,2706
20150920,0.7,14.8,26.6,0,2706
20150921,0.8,15.1,27.9,0,2740
20150922,0.5,14.8,28,0,2687
20150923,1.1,15.6,22.5,8.4,2703
20150924,0.9,16.5,25.7,1.2,2691
20150925,0.9,16.3,26.3,0,2697
20150926,0.9,15.4,26.5,0,2697
20150927,1,13.7,27.6,0,2697
20150928,1.8,13.1,28.6,0,2697
20150929,1.4,14.4,27,0,2697
20150930,2.2,16.7,23.1,1.7,2783
20151001,2.5,14.5,22.6,37.4,2770
20151002,2.1,8.9,21.9,0,2748
20151003,1.1,11.9,24.9,0,2748
20151004,0.8,11,23.6,0,2748
20151005,1,11,24.4,0,2788
20151006,0.8,10.1,25.4,0,2732
20151007,1.1,10.8,24.8,0,2717
20151008,2.3,12.5,24.4,0.1,2732
20151009,0.7,10.2,21.4,0.4,2732
20151010,1.1,7.6,20.7,4.8,2732
20151011,1.6,8.6,17,2.2,2732
20151012,1.2,9.4,18.5,0.5,2727
20151013,0.9,7.5,21.8,0,2675
20151014,0.8,9.5,23.3,0,2640
20151015,0.8,9.9,23.8,0,2617
20151016,0.8,10.4,23.5,0,2596
20151017,0.9,10.2,24.8,0,2596
20151018,0.8,9.6,25.2,0,2596
20151019,0.6,10.7,23.5,0.1,2592
20151020,1,11.5,24.1,0,2569
20151021,1.2,11.8,23.9,0.2,2501
20151022,0.8,12.3,21.6,0.3,2453
20151023,0.9,12.3,22,0,2398
20151024,1,11.3,22.3,1.2,2398
20151025,0.9,9.6,21,0,2398
20151026,1.9,9.1,19.8,0.4,2370
20151027,1.9,9.7,17.8,16.3,2340
20151028,2,5.9,17.2,0,2328
20151029,2,5.4,16.3,0.4,2356
20151030,1.3,3.6,12.8,0,2326
20151031,0.7,0.7,13.2,0,2326
20151101,1.3,0.9,11.2,0.1,2326
20151102,0.8,4.6,16.4,0.2,2317
20151103,1,4.9,19,0,2297
20151104,1.1,3.8,20,0,2310
20151105,2.8,7.1,20.7,0,2221
20151106,2.9,8,19.2,2.6,2210
20151107,2.3,11.7,14.5,28,2210
20151108,1.5,12.5,15.1,13.8,2210
20151109,1.1,10.8,15.5,3.2,2200
20151110,0.9,7.6,15.3,0.2,2207
20151111,1.4,6.8,17.1,2,2174
20151112,2.1,9.1,18.1,0.6,1919
20151113,0.9,10.9,13.9,24.4,1875
20151114,1,12,16.2,5,1875
20151115,1,9.6,18.3,0,1875
20151116,1,8.9,15.8,10.7,1949
20151117,3.7,12.3,17.1,0.5,1991
20151118,1.3,9.4,14.2,7.9,2042
20151119,1.1,8.6,12.1,0.9,2020
20151120,0.7,7.6,15.9,0.1,2020
20151121,2,5.9,13.5,0.1,2020
20151122,1.7,7.3,15.5,4.6,2020
20151123,2.5,9.2,12.7,6.6,2058
20151124,1.5,6,11.2,2.8,2164
20151125,3,3.8,7.6,9,2174
20151126,2.2,-1.1,4.5,3.3,2134
20151127,0.7,-1.9,4,0.6,2213
20151128,1.1,0.1,7.2,0,2213
20151129,1.3,1.6,9.6,0.8,2213
20151130,0.7,1.5,11.6,0.2,2232
20151201,1.1,-0.9,12.1,0,2211
20151202,3.1,2.9,11.3,5.7,2183
20151203,3,-0.3,6.5,3,2240
20151204,1.6,-0.6,5.7,0.5,2240
20151205,0.5,2.1,8.7,0,2240
20151206,0.6,-0.7,8.3,0,2240
20151207,0.7,-2.5,9.9,0,2221
20151208,0.5,0,11.1,0,2221
20151209,0.4,-0.4,13.2,0,2221
20151210,2.1,6.6,10.6,14.1,2247
20151211,0.7,3.8,10.9,3.7,2202
20151212,0.8,1.1,10.8,0,2202
20151213,0.4,2.6,12.5,0,2202
20151214,2.3,4.2,8.7,3.9,2175
20151215,3,4.7,9.9,0.5,2178
20151216,2,-1.6,5.5,2.4,2157
20151217,0.6,-4.8,1.4,0.3,2129
20151218,0.8,-6,4.7,0,2148
20151219,0.3,-3,8.4,0,2148
20151220,0.5,-2.5,6,0.8,2148
20151221,1.2,0.5,9.3,1.5,2123
20151222,0.4,-1.1,9.6,0.1,2125
20151223,1.3,3.8,9,1.9,2127
20151224,2,0.8,8.7,0,2147
20151225,1.7,-2.6,5.8,0,2147
20151226,1.6,-2.1,9.8,0.2,2147
20151227,1.8,-4.6,3.7,0,2147
20151228,0.8,-6.4,2.2,0,2160
20151229,0.6,-6.7,4.8,0,2202
20151230,1.1,-5.2,7.4,1.1,2202
20151231,0.7,-1.7,6.3,0.3,2183
20160101,0.7,-3.9,7.3,0,2183
20160102,0.8,0.3,11.5,0,2183
20160103,2.5,1,12.9,0,2183
20160104,1.7,0.1,10.1,0,2215
20160105,1.1,-2.4,4.4,0.5,2266
20160106,1.8,-4.2,5.4,0,2269
20160107,1.4,-2.6,4.3,0,2271
20160108,1.7,-3.8,3.9,0,2242
20160109,1.6,-3.8,5.5,0,2242
20160110,1.3,-2.8,6.7,0,2242
20160111,1.4,-4.4,4.3,0,2307
20160112,2.2,-7.1,3.7,0,2307
20160113,1.8,-4.9,2.3,0.8,2318
20160114,0.5,-5.5,3.3,0.1,2280
20160115,0.7,-5.3,6.2,0.1,2280
20160116,0.7,-4,7.3,0,2280
20160117,3.5,-1.3,5.6,3.3,2280
20160118,4.3,-7.3,3.1,0.9,2299
20160119,0.9,-9.7,-4.6,0.8,2313
20160120,1,-10.9,-2.3,0,2354
20160121,1,-8.4,0,0,2440
20160122,3.2,-9.3,0.7,0,2448
20160123,2.6,-11.3,-3.5,1.2,2448
20160124,1.4,-14.2,-7.4,1.5,2448
20160125,0.9,-12.4,-1.3,0.3,2476
20160126,1.6,-7,3.5,0.1,2598
20160127,0.7,-4.8,6.1,0,2715
20160128,2.8,-4.6,3.6,6.7,2730
20160129,1.2,0.3,4.4,8.2,2777
20160130,2.2,-1.2,6.4,0.6,2777
20160131,1.6,-3.2,2.9,0,2777
20160201,1,-6.2,1.7,0,2881
20160202,1.1,-8.6,2.7,0,2908
20160203,1.6,-8.3,4.9,0,2914
20160204,1.4,-4.8,5.9,0,2966
20160205,1.9,-5,5.4,0,3026
20160206,1.2,-5.6,3.3,0.5,3026
20160207,1.3,-8,5,0,3026
20160208,3.3,-5.7,7.4,0.2,3026
20160209,0.8,-2.2,7.5,0,3026
20160210,0.8,-4.9,10.8,0,3026
20160211,0.8,-1.2,13.7,0.2,3003
20160212,0.7,6.9,12,20.7,3003
20160213,2.4,7.1,16.2,11.4,3003
20160214,3.3,-3,9.5,0.8,3003
20160215,2.4,-6,0.1,0.2,3033
20160216,1.6,-4.4,4,0.5,3047
20160217,1.7,-4.1,6.5,0,3078
20160218,1.5,-2.9,9.7,0.1,3124
20160219,1.9,-0.2,8.9,0,3124
20160220,2.3,-0.6,8.7,0,3124
20160221,1.1,-3.6,6,0,3124
20160222,2.3,-1.5,6.5,0,3160
20160223,1.9,-1.3,8.5,0.2,3160
20160224,2.1,-4.7,3.4,0.6,3145
20160225,2.3,-5.9,6,0,3147
20160226,1.1,-2.3,7.3,0.8,3147
20160227,0.7,1.2,10.6,1.4,3147
20160228,1.4,-0.5,10.5,5.8,3147
20160229,1.5,-4.8,1.3,0.3,3169
20160301,1,-7.3,4.3,0,3169
20160302,0.7,-3.8,10.4,0,3530
20160303,0.7,-0.1,15.2,0,3672
20160304,1.3,4.5,13.7,9.7,3711
20160305,2.2,8.2,15.5,27.9,3711
20160306,1.1,5.3,15.6,2.5,3711
20160307,2.2,3.4,14.9,0,3741
20160308,1.7,2.4,9.3,2.8,3806
20160309,2.8,0.3,8.2,2,3878
20160310,1.7,-1.9,5.7,0.1,3930
20160311,1.4,-3.9,5.8,0,3924
20160312,0.7,-4.2,8.7,0,3924
20160313,1.2,1,8.4,0.2,3924
20160314,1.3,-0.5,10,0,3808
20160315,1.7,-2.5,13.3,0,3821
20160316,1.2,3,16.4,0,3821
20160317,0.4,0.9,18.3,0.1,3803
20160318,1.2,7.9,15.4,9.3,3851
20160319,1.2,5.2,16.8,0,3851
20160320,1.6,3.3,13.8,0,3851
20160321,2.2,2.3,15.6,0,3985
20160322,2.1,2,16.9,0,3905
20160323,1.8,4.1,13.6,0.5,3995
20160324,1.3,1.2,12,0.2,4063
20160325,1,1.4,11.1,0.2,4030
20160326,1.7,0.2,12.1,0.5,4030
20160327,1.4,0,14.1,0,4030
20160328,2.7,0.7,17.5,0,4059
20160329,2.2,4.8,18,0.1,4103
20160330,1.1,6.4,20.3,0,4088
20160331,1.2,4.8,20.7,0,4196
20160401,1.9,4.3,22.8,0,4117
20160402,1.3,5.7,21.5,0,4117
20160403,1.6,8.9,15.2,9.5,4117
20160404,2.1,7.6,15.6,1.8,4231
20160405,1.5,5.1,19.6,0,4228
20160406,2.1,5.7,21,12.2,4191
20160407,2.2,9.2,18,21.9,4303
20160408,2,8,21.7,0,4451
20160409,2.5,8.2,22.2,0,4451
20160410,2.9,8.2,21.3,0.4,4451
20160411,1.5,6.8,16.1,0.2,4462
20160412,0.9,6.2,19,0.6,4462
20160413,2,10.9,18.2,13.1,4462
20160414,1.7,9.6,21.3,0,4554
20160415,1.9,6.5,21.2,0,4505
20160416,4.6,7.9,20.7,29.2,4505
20160417,3.5,10.1,17.2,9.5,4505
20160418,2.3,8.3,18.9,1.2,4705
20160419,1.3,7.4,19,0,4875
20160420,1.5,7.3,20.3,0.7,4751
20160421,2.6,10.9,17.3,28.8,4733
20160422,1.6,11.2,24.6,0,4675
20160423,1.3,10.9,20.7,0,4675
20160424,1.3,7.2,22.1,0,4675
20160425,1.9,7.3,24.9,0,4612
20160426,3.3,8.7,25.4,1.4,4593
20160427,2.3,10.8,15.5,25,4504
20160428,1.7,9.6,19.2,2.4,4458
20160429,2.1,8.4,20.9,0.1,4426
20160430,1.8,8.8,23.8,0,4426
20160501,1.7,10.4,26.1,0,4426
20160502,4.1,11.8,25.9,7.8,4024
20160503,6.2,11.7,19.8,26.8,3999
20160504,1.4,11.7,22.3,0.2,3974
20160505,1.6,9.3,26,0.8,3974
20160506,2.3,13.9,22.5,1.7,3974
20160507,1.4,11.3,23.6,0,3974
20160508,1,9.3,24.8,0,3974
20160509,1.6,13.6,23.4,0.2,4009
20160510,1.6,12.2,17.2,20.1,3987
20160511,2,11.4,21.7,0.9,3994
20160512,2,11,25.1,0,3994
20160513,1.6,11.9,22.5,0.1,3987
20160514,1.9,10.5,23.9,0,3987
20160515,2.8,11.7,24.3,12.6,3987
20160516,1.2,9.9,21.7,5.9,3988
20160517,1.3,8.6,26.6,0,3999
20160518,1.1,11.4,29.3,0,3999
20160519,1.4,12.4,28.8,0,3810
20160520,1.1,11.9,28,0,3800
20160521,1.3,12.3,27.9,0,3800
20160522,1.1,12.4,28.1,0,3800
20160523,1.3,12.5,27.8,0,3793
20160524,1.4,15,21.3,20.3,3793
20160525,1.1,13.7,25.8,0,3793
20160526,1.1,15.1,25.9,0.1,3891
20160527,1.3,16.8,27.5,0.1,3854
20160528,1.4,16.3,27.1,0.4,3854
20160529,1.7,15.7,26.5,0.6,3854
20160530,1.8,14.4,28.4,0,3788
20160531,1.8,15.5,28.1,0,3701
20160601,1.4,15.8,26.5,0,3588
20160602,1.6,13.1,27,0,3499
20160603,1.1,14.3,28.3,0,3401
20160604,1.7,16.3,22.9,3.9,3401
20160605,1.1,15,27.3,0,3401
20160606,1.1,16.8,22.6,0.7,3401
20160607,1.5,17.9,25.9,0.3,3397
20160608,1.2,18.1,25,1.7,3353
20160609,1.2,17.4,28.3,0,3072
20160610,1.5,17.7,28.8,0,3023
20160611,1.2,19.3,28.6,2.1,3023
20160612,1.7,20.4,26.5,2.6,3023
20160613,1.6,19.2,27.7,0.1,2931
20160614,0.9,18.4,27.4,0.5,2860
20160615,2.2,18.7,24.9,4.8,2874
20160616,2,19.1,25.9,1.7,2792
20160617,1.3,17.5,29.5,0,2713
20160618,1.6,17.9,29.8,0.8,2713
20160619,1.2,19.8,29.2,1.4,2713
20160620,1.3,18.5,28.4,5.7,2724
20160621,1.9,20.1,28.1,0.3,2751
20160622,1.4,20.6,26.4,7,2762
20160623,1.9,19.9,29.4,0.1,2754
20160624,2.5,19.9,25.2,30.3,2799
20160625,1.8,18.8,27.3,0,2799
20160626,0.9,17.5,29.3,0,2799
20160627,1.4,17.6,27,1,2833
20160628,1.2,17.8,27.4,0.5,2825
20160629,1.6,19.2,26.7,0.9,2825
20160630,1,20.8,29.2,1,2777
20160701,1.7,22,27.6,55.2,2752
20160702,0.7,21.5,27,24.6,2752
20160703,1.9,20,25.3,22.3,2752
20160704,1.1,20.2,24.7,53.2,2832
20160705,1.5,21.5,28.6,39.5,2860
20160706,1.3,21.2,27.4,27.8,2899
20160707,1,20.9,29,1.2,2933
20160708,1.3,20.8,31.2,1,2950
20160709,1,21.2,32.1,0,2950
20160710,1,21.7,31.1,0,2950
20160711,1,22.2,30.3,2.9,3032
20160712,1.6,22.4,28,8.2,3068
20160713,1.1,22.1,29.9,0.1,3115
20160714,1.6,21.4,30,2.3,3191
20160715,1.9,20.7,28.7,0.8,3214
20160716,1.5,20.4,23.8,27.9,3214
20160717,1.4,20.7,27,0.9,3214
20160718,1.1,19.7,28.7,0,3299
20160719,1.3,20.4,30,0.1,3351
20160720,1.2,21.6,29.8,0,3416
20160721,1.2,21.5,29.7,0,3354
20160722,0.7,21.7,30.7,0,3341
20160723,0.9,22.2,31.2,1.7,3341
20160724,0.8,23.6,32,4.8,3341
20160725,1.3,24.5,31.6,5.8,3322
20160726,1.2,24,32.8,0,3344
20160727,1.7,24.5,32,0.9,3362
20160728,0.5,24.8,32.7,0.8,3383
20160729,1,24,32.1,9.7,3388
20160730,1.2,25,33.3,6.7,3388
20160731,1.1,24.4,33.5,4.1,3388
20160801,1,23.7,32.8,2.4,3487
20160802,1.4,23.6,30.9,3,3569
20160803,1,23.1,31.8,1.6,3689
20160804,0.7,23.4,33,0.2,3760
20160805,0.9,23.3,33.6,0.2,3822
20160806,1.1,23.4,34,0.6,3822
20160807,1.2,24.1,34.2,1.5,3822
20160808,1.2,24,34.5,4.9,3957
20160809,1.2,23.9,32.6,0.6,4064
20160810,1,23.9,34,0,4043
20160811,1.2,24.1,35.4,0,4061
20160812,1.3,24.4,35.6,0,4090
20160813,1.2,24.6,35.3,0,4090
20160814,1,25,34.4,1,4090
20160815,1.4,25,33.8,2.6,4090
20160816,1.1,24.2,33.2,4,4120
20160817,0.9,23.2,33.3,0.7,4291
20160818,1,23.7,33.6,0.4,4520
20160819,1.2,23.8,33.6,0.4,4746
20160820,1,24.1,34,0.1,4746
20160821,1.3,23.2,33.8,0.2,4746
20160822,1.4,23,34,1.2,5334
20160823,0.9,23.6,32.2,1.8,5472
20160824,1.4,22.9,33.2,0,5958
20160825,2.4,21.3,33.7,2.1,6258
20160826,2.2,18.3,27.2,11.3,6384
20160827,1.1,17.1,27.1,0.6,6384
20160828,1.3,17.3,23.3,22.8,6384
20160829,1.8,16.3,25.4,3,6708
20160830,3.5,16.9,24.7,1,7175
20160831,1.4,18.5,25.3,7.8,7641
20160901,1.4,19.6,30.2,2,7754
20160902,1,19.4,24.8,28.9,7872
20160903,1,19.7,27.1,20.5,7872
20160904,0.9,21.1,29.4,2.1,7872
20160905,0.8,21.7,29.1,1.3,7892
20160906,0.9,20.2,27.8,0,8035
20160907,1.3,19.9,27.9,1.3,8186
20160908,1,18.6,28.2,3.2,8081
20160909,1,18.9,28.5,1.4,8128
20160910,1.1,18.7,27.6,5.1,8128
20160911,0.9,19.3,27.3,1.2,8128
20160912,1.1,19.1,25.9,7.8,7545
20160913,0.8,17.7,28.2,0,7845
20160914,0.7,18.7,27.7,0,7845
20160915,0.8,18.2,28.2,0,7845
20160916,1.7,19.6,25.3,5,7845
20160917,2.4,18.8,22.8,85.6,7845
20160918,2.7,18.3,22.8,6.5,7845
20160919,2,17.1,24.1,0.2,8443
20160920,1.1,13.9,24.4,0,8088
20160921,0.9,12.7,24.1,0,7940
20160922,0.8,15.8,24.6,0,7694
20160923,0.8,14.4,26.1,0,7643
20160924,0.6,15.4,27.1,0,7643
20160925,0.7,16.1,26.6,0,7643
20160926,0.4,17.9,26.5,2.2,7532
20160927,1.3,20.1,26.7,5.4,7846
20160928,2,18.8,24.7,7.6,7805
20160929,0.7,17,21.7,1.3,7788
20160930,0.6,15.9,19.9,13,7719
20161001,1,16.3,22.3,2.4,7719
20161002,1.3,17.8,24.4,6.1,7719
20161003,2,18.9,26.9,9.6,7719
20161004,1.5,16.8,27.2,0.6,7304
20161005,0.7,16.7,24.2,51.1,6912
20161006,1.3,14.4,24.3,0,6759
20161007,1.7,14.8,22.8,9.3,6657
20161008,1.6,14,21.5,23.6,6657
20161009,0.8,8.8,17.8,0,6657
20161010,0.8,8.4,19.1,0,6470
20161011,0.8,10.2,20.6,0,6047
20161012,0.8,10.8,21.2,0,5738
20161013,0.7,10.6,20.2,0,5340
20161014,0.7,9.2,23.1,0,5107
20161015,0.5,10.6,24.3,0,5107
20161016,1,13.9,18.5,18.5,5107
20161017,0.8,14,23.2,0.3,4753
20161018,1.1,12,22.4,0,4685
20161019,1.6,12.6,23.3,0,4481
20161020,1.4,11.7,22.7,0.1,4241
20161021,0.9,14.9,18.8,0.4,4179
20161022,3.2,13.6,21,0.4,4179
20161023,0.9,11.4,17.6,2.3,4179
20161024,1.1,9.5,19.4,0,4011
20161025,1,11.3,19.1,13.7,3911
20161026,0.9,10,18.3,0,3792
20161027,0.7,9.1,19.2,0,3723
20161028,1.3,12.1,16.5,5.6,3592
20161029,1,7.1,14,0.7,3592
20161030,1.1,2.9,15.1,0,3592
20161031,1.9,4.4,11.6,0.3,3552
20161101,1,0.4,9.7,0,3419
20161102,1.2,-1.2,11.8,0.1,3422
20161103,0.9,2.9,14.7,0.1,3233
20161104,1.3,3.5,17.4,0,3218
20161105,2.8,7.6,19.8,0.2,3218
20161106,1.3,8.9,16.5,1.6,3218
20161107,2.6,9.4,17.8,1.5,3270
20161108,0.9,3.1,12.7,1.7,3255
20161109,1,-0.7,10.5,0,3281
20161110,1.7,2.8,12,3.1,3233
20161111,0.9,4.5,15.2,0.9,3263
20161112,0.6,2.9,18.2,0,3263
20161113,0.9,6.9,18.3,3,3263
20161114,2.3,10.2,18.7,2.3,3435
20161115,1,3.4,15.2,0,3567
20161116,0.6,0.3,14.3,0,3561
20161117,0.7,3.3,16.1,0,3440
20161118,1,3.6,15.6,12.8,3630
20161119,1.3,10.6,16.7,1.2,3630
20161120,0.5,7.3,17.6,0,3630
20161121,2.1,6.1,14.2,0.1,3709
20161122,1.6,2.5,10.9,0.9,3790
20161123,1.9,-0.5,7.6,0.1,3762
20161124,1.1,-3,5.5,0,3712
20161125,0.4,-2.8,8.1,0,3725
20161126,0.8,-2.6,4.3,2.4,3725
20161127,1.6,1,8.5,0.1,3725
20161128,0.7,-0.2,8.4,0,3725
20161129,0.5,-2.3,10,0.2,3725
20161130,3,1.2,10.7,2.5,3838
20161201,1.1,0.8,10.8,0.1,3927
20161202,0.7,-2.6,10,0,3927
20161203,0.5,-2.6,12.1,0,3927
20161204,2,1.1,10.2,0,3927
20161205,2.2,2.5,13.8,0.1,3951
20161206,0.4,-2.9,6.7,0,3959
20161207,0.7,-4.2,7.6,0.1,3978
20161208,1.7,-2.5,9.7,1.3,4057
20161209,1.1,-0.5,8.9,1.3,4111
20161210,0.6,-3.9,7.1,0,4111
20161211,0.6,-5.7,7.8,0,4111
20161212,0.7,-2.8,10.1,0.2,4044
20161213,1.4,1.4,9.9,0.3,4077
20161214,2.5,-1,4.7,2.5,4058
20161215,1.4,-4.2,2.7,0.1,4077
20161216,0.8,-6.9,2.9,0,4093
20161217,0.6,-2.2,10.1,0,4093
20161218,0.7,-1.1,10.6,0.1,4093
20161219,0.7,3.4,10.5,4.9,4089
20161220,1.4,3.3,13,0,4119
20161221,3.3,3,13.7,24.2,4145
20161222,3.3,4.4,15.3,14.4,4169
20161223,1.1,-0.3,4.6,0.6,4163
20161224,0.5,-2.3,4,0,4163
20161225,0.5,-2.9,9,0.1,4163
20161226,2.4,2.9,6.2,10.3,4206
20161227,1,-3.2,4.5,2.1,4226
20161228,1.7,-6.5,4.8,0,4200
20161229,0.9,-4.5,2.1,0.2,4224
20161230,0.8,-7,4.6,0,4219
20161231,0.5,-2.9,7.1,0,4219
20170101,0.8,-1.5,9.6,0,4219
20170102,1.3,0.4,11.3,0,4382
20170103,0.8,-0.9,9.8,0,4355
20170104,1.9,-1.3,10.6,0,4380
20170105,0.7,-0.7,8.5,2,4379
20170106,0.6,0.8,10.5,0.1,4354
20170107,1.1,-1.4,9.5,0.1,4354
20170108,3,3.9,11.9,1.6,4354
20170109,2.6,-0.5,8.1,0.1,4279
20170110,2.8,-2.9,4.7,0,4279
20170111,2.5,-6.2,2.8,0,4279
20170112,2.5,-3.7,5.6,0.2,4279
20170113,3.2,-5.9,2.8,0.3,4108
20170114,1.3,-7.8,-1.8,0,4108
20170115,0.8,-10.6,1.6,0,4108
20170116,0.9,-8.8,4.4,0,4108
20170117,0.8,-7.8,5.8,0,4108
20170118,0.8,-4.5,5.9,0,4092
20170119,1.9,-5,6.8,0,4092
20170120,1.1,-5.4,1.4,3.3,4092
20170121,3.6,-8.1,2,0.6,4092
20170122,1.5,-6.9,0.1,0.6,4092
20170123,1.2,-9.9,-1.1,0.1,4019
20170124,1.1,-10.1,1.5,0,3987
20170125,0.8,-9.7,3.3,0,3987
20170126,3,-9.1,6.8,0.1,3987
20170127,0.6,-3.7,6.6,1.2,3987
20170128,0.4,-7.3,8.3,0,3987
20170129,2.9,0.9,5.7,3.9,3987
20170130,1.2,-5.5,3.2,1.1,3987
20170131,2,-8.7,3.7,0,4008
20170201,1.4,-5.4,4.2,0,3980
20170202,1.1,-7.5,6.1,0,3990
20170203,0.6,-3.8,8.6,0,3990
20170204,1.7,-2.3,9.9,0.8,3990
20170205,2.5,1.8,7.5,1.1,3990
20170206,0.7,-2.6,4.7,0,3990
20170207,1.7,-4.7,6.3,0,4001
20170208,3,-3.6,5.3,0,4001
20170209,3.4,-5,1.2,0.1,4010
20170210,2.1,-6.8,-0.5,0.6,4010
20170211,1.5,-7.5,1.8,0.1,4010
20170212,1.2,-6.1,5.4,0,4010
20170213,1.2,-5.9,7.3,0.3,4038
20170214,1.1,-3.4,7.6,0,4010
20170215,1.7,-5.3,11,0,4010
20170216,3.5,-2.8,14.5,1.4,4010
20170217,2.9,-1,12,1.7,4010
20170218,0.9,-4.6,5.1,0,4010
20170219,2.8,-5,10,2,4010
20170220,0.9,-3,9.6,5.4,4010
20170221,0.8,-6.2,7.9,0,4010
20170222,3.5,0.3,5.9,16.1,4010
20170223,2.1,-2,5,0,4010
20170224,1.8,-4.7,6.1,0,4010
20170225,1.1,-2.6,9.2,0,4010
20170226,1,-2,10,0,4010
20170227,1.3,-2.5,11.1,0.1,4010
20170228,1,-2.5,13,0,4018
20170301,2.3,0.7,12.7,2.1,4018
20170302,1.2,-0.7,6.9,2,4018
20170303,1,-3.2,11.7,0,4002
20170304,1.5,-1,13.7,0,4002
20170305,3,-0.3,13.8,0.2,4002
20170306,3.6,-1.1,7,0.3,4002
20170307,2.8,-3.2,4.4,0.5,4002
20170308,3.6,-3.8,6.3,0,4002
20170309,2.1,-1.6,11.3,0,4002
20170310,1.3,-1.3,12.7,0,4002
20170311,1.4,-2.2,15.8,0,4002
20170312,1.8,0.2,16.4,0,4002
20170313,1.8,2.7,13.7,0,4002
20170314,0.9,0.6,11.4,0.6,4089
20170315,1.5,-1.8,12.2,0,4089
20170316,1.3,-1.4,13.1,0,3986
20170317,1.6,-1.2,15.5,0,3986
20170318,1,2.3,16.8,0,3986
20170319,1.1,0.7,17.9,0,3986
20170320,1.6,2.1,13.6,2.8,3942
20170321,1.6,2.4,12.5,1.5,3942
20170322,1.6,-0.6,14,0,3942
20170323,1.3,3.8,15.1,0.1,3942
20170324,1,2.3,13.3,0,3938
20170325,1.2,4,9.7,6,3938
20170326,1.9,2.8,10.8,1.2,3938
20170327,0.8,2.4,10.8,1.3,3930
20170328,1.4,0.7,13.6,0.7,3953
20170329,1.2,4,14,1.1,3917
20170330,1.9,2.8,18.4,0,3927
20170331,1.2,6.2,12.1,3.8,3918
20170401,1.9,4.1,12.3,3.4,3918
20170402,1.7,1.7,15.1,0,3918
20170403,1.6,2.9,20.2,0,3918
20170404,1.2,4.1,21.9,0,3918
20170405,2.2,10.2,16.2,17.7,3895
20170406,1.1,10.5,17.1,9.8,3881
20170407,2.1,8.5,21.9,0,3881
20170408,2.7,8.1,23.1,0,3881
20170409,2.3,9.2,18.2,0.6,3881
20170410,1.9,8.3,19.5,0.1,3881
20170411,2.8,8.4,18.2,10.8,3881
20170412,2.4,7.2,17.7,0,3803
20170413,2.6,4.6,20.3,0,3830
20170414,2,8.5,20.5,0.9,3790
20170415,1.3,11.3,24.8,0.1,3790
20170416,1.1,10.3,26.6,0,3790
20170417,2.1,10.8,17.2,15.3,3829
20170418,3.2,8.6,20.1,3.1,3714
20170419,1.4,7.4,19.4,0,3701
20170420,1.7,8.9,17.6,0.9,3648
20170421,1.1,7.1,19.9,0,3681
20170422,1.9,7,20,0.1,3681
20170423,1.9,6,21.8,0,3681
20170424,2.3,6.4,22.5,0,3612
20170425,3,11,22.4,0.8,3607
20170426,2.4,10.1,20.1,1.2,3601
20170427,2.6,6.4,19.3,0,3627
20170428,2.4,6.2,23.3,0,3649
20170429,2.2,8.2,25,0,3649
20170430,1.8,11.9,27.7,0,3649
20170501,1.3,11.3,25.4,0,3649
20170502,1.1,9.4,24.7,0,2987
20170503,1.2,9.5,27.2,0,2987
20170504,2.5,11.3,26.4,0.3,2809
20170505,3.9,15.6,25.1,3.7,2809
20170506,2.8,11.1,22.6,0,2809
20170507,1.6,9.2,24.7,0,2809
20170508,1.6,10.3,24.9,0,2807
20170509,1.4,12.9,19.1,11.2,2807
20170510,1.3,12.6,19.7,1.1,2782
20170511,0.9,12.3,25.8,0.3,2171
20170512,2.3,14.4,21.8,1.7,2163
20170513,4.1,12.3,24.5,2.9,2163
20170514,2.3,11.3,22.7,0,2163
20170515,1.7,10.2,21.7,0,2127
20170516,1.4,11.1,22.2,0,2096
20170517,1.5,11,24.7,0.7,2133
20170518,1.9,11.5,27.4,0,2060
20170519,1.7,13.5,29.5,0,2005
20170520,1.7,13.8,28.4,0,2005
20170521,1.4,13.8,27.9,0,2005
20170522,1.6,13.1,27.3,0,1974
20170523,1.4,13.7,25.5,1.4,1974
20170524,2.6,16,25.4,3.6,1974
20170525,2,13.2,27.8,0,2087
20170526,1.5,10.9,21.7,0,2096
20170527,2.1,9.8,25.1,0,2096
20170528,2.1,11.8,28.3,0,2096
20170529,1.9,16.6,30.6,0,2093
20170530,1.3,16.2,30.4,0,2086
20170531,1.1,16.5,27.9,2.5,2105
20170601,2,16.2,27.3,2.6,2004
20170602,2.4,12.3,25.6,0.1,1995
20170603,1.8,14.2,25.3,0.2,1995
20170604,1.7,11.5,27,0.2,1995
20170605,1.6,13,27.6,0,2010
20170606,1.6,14.5,21.7,10.7,2010
20170607,2.6,15.9,21.2,5.5,2050
20170608,2.2,15.9,26.4,0,2181
20170609,1.8,15.5,28.6,0.4,2272
20170610,1.6,16.6,26.6,0.4,2272
20170611,1.9,14.2,27.1,0.9,2272
20170612,1.5,14.7,24.8,0,2289
20170613,1.9,14.7,25.4,2.1,2283
20170614,1.8,14.4,27.2,0,2275
20170615,1.2,16,29.8,0,2255
20170616,1.4,16.4,28.7,0,2247
20170617,1.4,16.3,29.3,0,2247
20170618,1.4,16.3,31.2,0,2247
20170619,1.2,17.1,31.7,0,2251
20170620,1.9,18.1,28.7,2.1,2247
20170621,1.6,18.7,29.1,0.3,2252
20170622,1.2,18.2,30.3,0,2267
20170623,1.1,18.6,31.5,0,2259
20170624,1.4,19.3,29,2.5,2259
20170625,1.7,19.1,28.2,10.4,2259
20170626,1.7,19.6,26.8,12.4,2285
20170627,1.5,19.7,28.1,3,2284
20170628,1.1,19.8,29.9,1.5,2256
20170629,1.3,20.4,28.6,5.2,2301
20170630,1.3,20.8,30.4,0.3,2285
20170701,1.5,22.6,29,4,2285
20170702,2.5,23.3,28.8,23.3,2285
20170703,1.6,23.5,29.1,29.4,2356
20170704,0.9,22.9,29.8,20.7,2394
20170705,1.3,22.5,31.2,1.7,2482
20170706,0.8,22,30.5,15,2594
20170707,0.6,22.9,29.1,4.4,2570
20170708,0.9,23.4,28.6,24.4,2570
20170709,0.7,23.4,32,9.6,2570
20170710,1.9,24.1,28.5,26.7,2539
20170711,1.3,23.2,30.7,4.8,2588
20170712,1.3,23.1,32.6,0,2810
20170713,1.2,22.2,33,0,3051
20170714,1.5,22.9,33.2,9.8,3199
20170715,1.2,23.1,28.4,20.7,3199
20170716,1.7,23.7,30.4,25.1,3199
20170717,1.3,23.4,30.6,6.2,3414
20170718,0.9,23.1,30,3.4,3709
20170719,1.1,23.5,32.8,0,3879
20170720,1.3,23.8,33.6,0,4052
20170721,0.7,25.5,34.1,0.7,4217
20170722,0.6,24.8,32.2,4.6,4217
20170723,0.6,24.4,29.5,13.2,4217
20170724,1.7,24.9,31.2,10,4381
20170725,1.5,23.9,31,10.7,4891
20170726,0.8,21.7,30.8,0,5055
20170727,0.6,20.4,31.1,0.3,5376
20170728,1.1,22.2,30.2,11.3,5293
20170729,1,23.4,28.5,7.4,5293
20170730,0.7,23,30.6,0.8,5293
20170731,1,23.1,27,19.9,5274
20170801,0.9,22.9,31.9,2.2,5481
20170802,1.5,23.8,32,0.4,5409
20170803,0.9,23.1,31.9,0,5438
20170804,1,23.5,33.9,0,5401
20170805,1.2,24.7,35.1,0.6,5401
20170806,1.7,25.1,34.8,1.7,5401
20170807,1.3,24.8,33.8,1.6,5478
20170808,0.9,23.5,32.3,0.4,5420
20170809,0.8,23.5,28.4,11.6,5329
20170810,1.5,23.4,29.1,15.7,5273
20170811,1.4,22.3,31.2,8.8,5426
20170812,2.1,21.8,30.3,0.8,5426
20170813,2,21.4,26.8,3.1,5426
20170814,1.8,21.4,25.1,42.9,5450
20170815,2,21.6,25.2,29.1,5450
20170816,1.1,22,28.3,6.4,5781
20170817,1,21.8,28.7,5.3,5924
20170818,1.2,21.7,29.9,6,6024
20170819,1.6,21.9,29.1,8.1,6024
20170820,0.9,22.7,27.8,24.6,6024
20170821,1.5,23,29.4,26,6535
20170822,1.2,23.4,31.6,8.2,6576
20170823,3.2,24.4,32,10.6,6677
20170824,1.3,24.7,31.6,14.4,6743
20170825,1.2,21.2,31.3,3,6600
20170826,0.7,17.9,29.6,0,6600
20170827,1.1,16.6,28.6,0,6600
20170828,2,18.3,28.8,8.4,6768
20170829,1,18.2,26.9,1.1,6800
20170830,1.1,16.6,24,0,6868
20170831,1.2,15.5,27.3,0,6875
20170901,1.1,16,27.6,0,6958
20170902,0.9,15.3,26.5,0,6958
20170903,1,15.3,27.8,0,6958
20170904,0.9,17,27.7,0,7125
20170905,0.6,18.1,23.4,1.6,6741
20170906,1.2,18.5,23.9,15.4,6928
20170907,1,17.8,26.9,1.2,6775
20170908,0.9,17.7,28.8,0,6770
20170909,0.9,17.4,28.8,0,6770
20170910,1.1,18,27.4,0.2,6770
20170911,1.2,18.2,23.6,46.6,6740
20170912,1.1,17.1,27.8,0,6804
20170913,1,14.4,27.2,0,6686
20170914,2.1,13.6,27.2,0,6655
20170915,2.2,16.5,25.3,0,6472
20170916,2.1,16.1,24.8,0.1,6472
20170917,1.2,17,26.1,1.8,6472
20170918,1.1,15.2,27.2,0,6423
20170919,1.8,16.5,27.3,3.5,6316
20170920,0.9,14,24.5,0.4,6288
20170921,1,11.8,25.7,0,6281
20170922,0.9,14,26.5,0,6209
20170923,1.1,14.9,26.3,0,6209
20170924,0.9,16,27.6,0,6209
20170925,0.7,16.9,28.5,0,6174
20170926,0.8,16.9,28.3,0,6190
20170927,2.1,17.3,22.6,21,6184
20170928,1.4,15,25.1,0.2,6026
20170929,0.7,10.3,21.8,0,5969
20170930,1.3,9.9,25.9,0,5969
20171001,1.3,12.9,20.3,21.2,5969
20171002,1.7,16.5,24.6,15,5969
20171003,1.4,14.9,23.1,0.6,5969
20171004,1,13,22.3,0.1,5969
20171005,0.8,13,21,1.1,5969
20171006,0.9,13.9,19,8.4,5969
20171007,1,15.9,24.6,0.1,5969
20171008,1.1,16.3,26.5,0,5969
20171009,1,16.4,27.1,0,5969
20171010,2.2,16.8,26.6,1.5,5754
20171011,0.7,14.6,21.8,6.3,5403
20171012,1.4,10.6,15.5,9.3,4986
20171013,1,7.7,19.2,0,4638
20171014,1.2,8.9,20.3,0,4638
20171015,0.8,10,19.4,0.8,4638
20171016,1,12.1,20.2,0,4286
20171017,1.5,9.7,21.6,0,3980
20171018,0.9,13,18.7,0.3,3792
20171019,0.8,11.3,20.5,0.5,3398
20171020,1,10.1,22.4,0,3243
20171021,3,9.4,22.6,0,3243
20171022,1.8,9.4,21.7,0.1,3243
20171023,0.8,8,18.6,0,3140
20171024,0.8,7.3,18.5,0.1,3104
20171025,0.8,6,19.8,0,3094
20171026,0.8,6.9,19.5,0,2974
20171027,0.9,9.6,21.5,0,3061
20171028,2,9.2,22.1,0,3061
20171029,1.6,7.6,19.4,1.9,3061
20171030,1.1,2.9,14.1,0,2809
20171031,0.8,1,17.5,0,2754
20171101,0.8,6,18.5,0,2643
20171102,1.9,9,19.3,0.1,2680
20171103,1.6,7.1,18.4,1.3,2587
20171104,1,3.6,13.8,1.3,2587
20171105,0.8,1.4,15.7,0,2587
20171106,0.6,2.6,18,0,2640
20171107,2.4,6.4,19.8,0.1,2625
20171108,0.8,7.5,19.6,0,2624
20171109,2.6,2.8,17.6,0,2576
20171110,2.4,4.3,19.4,2,2597
20171111,1.1,1.7,12.1,0,2597
20171112,0.8,-0.6,13.6,0,2597
20171113,2.4,1.2,14.4,0.4,2621
20171114,3.1,4.1,14.4,0,2646
20171115,1.8,1.2,10.3,0,2591
20171116,0.7,-1.6,9.3,0,2414
20171117,2.7,-2,10.4,0.2,2384
20171118,2.2,-2.1,7.6,0,2384
20171119,1.8,-4.1,5.5,0,2384
20171120,1,-1.5,8.3,0,2445
20171121,0.7,-2.7,10.2,0,2461
20171122,2.1,0.1,10.7,0.5,2434
20171123,1.6,-2,6.7,0.6,2599
20171124,1.1,-2.1,6.5,1.3,2622
20171125,1.4,-3.4,10.4,3.3,2622
20171126,0.6,0.8,12.4,1.3,2622
20171127,0.9,-1.8,11.6,0,2686
20171128,2.1,0.7,14.4,0,2708
20171129,2.8,3.1,12.2,0,2727
20171130,1.7,-1.9,6.6,0,2727
20171201,0.9,-5.2,4.8,0,2727
20171202,0.3,-4.9,8.1,0,2727
20171203,2.7,-1.7,11,0.5,2727
20171204,2.9,-2.6,6.9,0.2,2677
20171205,0.8,-6,1.9,0.2,2670
20171206,1.3,-5.2,6.7,0.9,2657
20171207,1.8,-1.9,7.6,0.9,2653
20171208,0.9,-4.3,2.4,0.2,2688
20171209,1.6,-4.5,6.2,0,2688
20171210,4.8,-1.1,8.9,2.2,2688
20171211,1.7,-6.7,1.7,0.2,2637
20171212,1.4,-9.7,-1.7,0,2637
20171213,0.7,-9.6,0.4,0,2637
20171214,0.8,-10.5,2.8,0,2635
20171215,3.4,-7.2,4.7,0,2635
20171216,1.9,-5.6,2.1,0.2,2635
20171217,0.5,-9,0.3,0.1,2635
20171218,2,-7.3,5.7,0.3,2743
20171219,0.5,-5.9,3.4,0.1,2765
20171220,1.4,-7.8,4.7,0.7,2788
20171221,0.7,-4.8,5.8,0,2788
20171222,0.6,-4.3,8.5,0,2800
20171223,1.7,-1.1,11,0,2800
20171224,2.9,1.3,8.1,14.2,2800
20171225,3.3,-2.7,3.5,0,2800
20171226,2.3,-4.9,4.1,0.1,2823
20171227,0.8,-8,0.7,0,2865
20171228,1.1,-6.9,3.7,0,2884
20171229,0.8,-2.1,8,0,2901
20171230,2.6,-1.6,7.1,0.6,2901
20171231,2.5,-2,5.8,0.4,2901
